time_utc,event,token,symbol,bnb_amount,usd_amount,fdv_usd,bucket,tx_hash,verification
2026-08-03 10:23:36,buy,0x2d0f28ec2ffa63fb83f231a03dbd587378617777,0x2d0f28...617777,0.12,,,live_pending_fdv,0xa7ea5c347a6c966cc6870c29ae490d8b92de6c52d5f13dd3cd14d8702b4f8ece,verified_from_rpc_swap_log
2026-08-03 10:22:57,buy,0xc117ef8817b013cf1b1b5e7257d1ae8b3fc67777,0xc117ef...c67777,0.12,,,live_pending_fdv,0x028c8de62df0cf9c68aaa97c00e9ee04996e3e154940c128ca30e84fd9b4908c,verified_from_rpc_swap_log
2026-08-03 10:18:29,buy,0x0e491feff5d24b092d79f1b422a660390f737777,0x0e491f...737777,0.12,,,live_pending_fdv,0xee35acf745d6e58a8cfb315ba7f4c34f2702d8c773f967e173cb3fc9c31d17d2,verified_from_rpc_swap_log
2026-08-03 10:17:34,buy,0xe5c838618fe96eb6fbcd8e03395a16bcee697777,0xe5c838...697777,0.12,,,live_pending_fdv,0xe13b6e886bbc58110161463420155f87a263d690bcf76850d4c16138f4c88fc8,verified_from_rpc_swap_log
2026-08-03 10:11:08,buy,0x4b5546268c36aae3b3f029ab45ce953913957777,0x4b5546...957777,0.3,,,live_pending_fdv,0xcbeea2900d034f8b72d9c70f67ac89599f92c64cb2810538e7d245e62e07cf2f,verified_from_rpc_swap_log
2026-08-03 10:10:03,buy,0x4b5546268c36aae3b3f029ab45ce953913957777,0x4b5546...957777,0.6,,,live_pending_fdv,0x6d68ae0290ba02c82575a271cf07dc8791d49e3b047c17ad03dfc1be30c666d3,verified_from_rpc_swap_log
2026-08-03 10:01:38,buy,0xaa62cb7bb61f139a88b687a3367a7fc25f047777,0xaa62cb...047777,0.6,,,live_pending_fdv,0x49166f3b843f24e460f910be27fc89035d7f49112f2c6f28ad75f422e0499d61,verified_from_rpc_swap_log
2026-08-03 09:58:59,buy,0xc16414e74eb60646c72f45a0c5b554cb6e797777,0xc16414...797777,0.3,,,live_pending_fdv,0x9d84321895dac9925abc81c55d8f04f9d92c11607244e65f76108e04a5eef826,verified_from_rpc_swap_log
2026-08-03 09:57:56,buy,0xb6e95353d731d1594404dca434ce232cae0e7777,0xb6e953...0e7777,0.6,,,live_pending_fdv,0xa130a7fd629fff47c440219664e8f666838967b05d5e0e5ed0bffbc025f06649,verified_from_rpc_swap_log
2026-08-03 09:54:28,buy,0xd7469531903577344468cb5ebeb72a7a39c67777,0xd74695...c67777,0.1,,,live_pending_fdv,0x77fa0500921a007d7b45c21f2bd57c6c26db0e98b27f0e80b35bd085036ea021,verified_from_rpc_swap_log
2026-08-03 08:19:18,buy,0xc78861b694076e30e74ad7fcf135edaaec057777,0xc78861...057777,0.6,,,live_pending_fdv,0x60a89459dbbd819d6f95f735f6c30a9af372efe1cd10d79679c830a8eec6d464,verified_from_rpc_swap_log
2026-08-03 07:35:35,buy,0x77c4206fab7dc2e18501bf5bed3fb82d453effff,0x77c420...3effff,0.12,,,live_pending_fdv,0x81ff4a4521c49e02120ac63ef7649e5ce7e28393eeb802c4a2e1f91956ee9bc5,verified_from_rpc_swap_log
2026-08-03 06:50:47,buy,0xdb44e268a41e9acb9cc1012b59998313fa92de22,0xdb44e2...92de22,0.99,,,live_pending_fdv,0x90d62fdf8dec03691001db9041dff35dd29c699dd8ea762aa27fd40265d3defb,verified_from_rpc_swap_log
2026-08-03 06:23:38,buy,0x69426a34e2d0ac95536b0a0b02050b18b4074444,0x69426a...074444,0.6,,,live_pending_fdv,0x5a6ce8b0c34e4109124b8a509d992ffb7ffc5be9b217bdf3396f456ddaa096f4,verified_from_rpc_swap_log
2026-08-03 06:23:22,buy,0x73202457b313fb24ba05fd69250a881bf5574444,0x732024...574444,0.6,,,live_pending_fdv,0x7278844161f7dffe4b5d9365a9357aa2c02946ea085a579263ecc3ee0b47bc0e,verified_from_rpc_swap_log
2026-08-03 01:24:19,buy,0xea96f04b369e08ad412a4d565aa0c7cc53167777,0xea96f0...167777,0.198,,,live_pending_fdv,0x5b93e386134ce4539d64c43844bb5f87637e3af1e686024884ef0b44e7a5b2fd,verified_from_rpc_swap_log
2026-08-01 12:02:04,buy,0x342c0e3499036eea74a1ab954feb8bbe89b87777,0x342c0e...b87777,0.77,,,live_pending_fdv,0x8a1a0406c731386949a7c46fef678473862d5f7559bdf7729e942786b04e88d7,verified_from_rpc_swap_log
2026-08-01 11:05:45,buy,0xdc3c0d6cae6e0d949393f8816c6871e3ee188888,0xdc3c0d...188888,0.6,,,live_pending_fdv,0x1da8774de9f071e349eddf484c52ddfb58cb1f738f4ac993e09d2d84d3b81512,verified_from_rpc_swap_log
2026-08-01 11:05:39,buy,0xdc3c0d6cae6e0d949393f8816c6871e3ee188888,0xdc3c0d...188888,0.198,,,live_pending_fdv,0x8d54a1776df46bcc879b93cf5d76ba304922a14e844dad8973a191faa85de1ff,verified_from_rpc_swap_log
2026-08-01 10:38:49,buy,0x860666aac1ef2cf38a76cd6a85ebad46c58a8888,0x860666...8a8888,0.99,,,live_pending_fdv,0x71fb396b5c9732491756d148c67020de166aaecdd853fa4a16569953dcc51940,verified_from_rpc_swap_log
2026-08-01 04:20:38,buy,0x78659220bc201fa4b294024d613c8afdeebf7777,0x786592...bf7777,0.6,,,live_pending_fdv,0xa50d05c495b57864c4ff73d6e73f1b1a6773137eab551ce90fd5e23275fa6269,verified_from_rpc_swap_log
2026-08-01 03:49:16,buy,0x8e2ecaaeac73ccf3c8984eb64a90d3f15c9d4444,0x8e2eca...9d4444,0.6,,,live_pending_fdv,0xee3981285c6340ce04e812eac19e3c1c8fb161695a07b707d4efba12a0ca7a1d,verified_from_rpc_swap_log
2026-08-01 02:35:29,buy,0x37f93d9d3e29c9c0b58af45af4d6031ba3172eca,0x37f93d...172eca,0.6,,,live_pending_fdv,0xbb5459714dca278247f354c57f06dd61040beb1b99f02cfcf75d11187b195414,verified_from_rpc_swap_log
2026-07-31 14:03:05,buy,0x38c8c020d4e7dc51217f098569d1d47bfb888888,0x38c8c0...888888,0.6,,,live_pending_fdv,0xcccbdf7909bceae075c4d4cd6f4cdbb8c9c224d05a0de7ca3e28e75fb24cd308,verified_from_rpc_swap_log
2026-07-31 13:18:53,buy,0x696317c2bdf86deed4d70a0752506c369cf78888,0x696317...f78888,0.6,,,live_pending_fdv,0x64c4cb675187719abc5f858620c7cad5d1f3924ee034266a0f9556364cf96394,verified_from_rpc_swap_log
2026-07-31 13:16:04,buy,0x696317c2bdf86deed4d70a0752506c369cf78888,0x696317...f78888,0.12,,,live_pending_fdv,0xfc180557d8e8b88c48f431a727af655c2c421aaeae807b1b58ede5960adf0c16,verified_from_rpc_swap_log
2026-07-31 12:43:52,buy,0x62020f94582540e05ce7856a029d12d124f97777,0x62020f...f97777,0.12,,,live_pending_fdv,0xdc176944dae3c3bc617dad81f635e062175e54683bf01d5ffa789fc127ed67b0,verified_from_rpc_swap_log
2026-07-31 12:03:13,buy,0x37fe5b907df2afd167af3e0786a1c00c34ee7777,0x37fe5b...ee7777,0.6,,,live_pending_fdv,0x71213e4954312ab185ce1066de9ed091d2fdc7bfdc2767f789ed0f1db40c2bef,verified_from_rpc_swap_log
2026-07-31 11:58:13,buy,0xb010a69daaa143977700c4b2c95d611abab04444,0xb010a6...b04444,0.398,,,live_pending_fdv,0xacf724a544d351181b4124309182fbe9bb63b677de494b3dd8caccf705a3a125,verified_from_rpc_swap_log
2026-07-31 11:50:44,buy,0x9395a3a608879794746b556d1a2ddcd5f2cf8888,0x9395a3...cf8888,0.6,,,live_pending_fdv,0x86764e25e173a0aa38141c98e305e15ab044bf45e8941f1d5491a074aff43a32,verified_from_rpc_swap_log
2026-07-31 11:10:24,buy,0xb614d4d4f08dae3538bfe575bfe2b0b7337c8888,0xb614d4...7c8888,0.12,,,live_pending_fdv,0x79be0ccbe51e16ab3826f7ecb89a09ead0ae5aa52f8556973e833ff0f3987457,verified_from_rpc_swap_log
2026-07-31 11:02:48,buy,0xe7c8c7a5dc2c912da13f89e80fb53aeed1c38888,0xe7c8c7...c38888,0.12,,,live_pending_fdv,0x7cd03aad178dd1cb57132a2b5b86b0fc78673b36165b1d271f5c2da303c2e6c9,verified_from_rpc_swap_log
2026-07-31 10:55:47,buy,0x41946aff423ee735aaf4ee5381d7cff5a4b68888,0x41946a...b68888,0.398,,,live_pending_fdv,0x87f6c40bea5f08a828c272bb172a73345d7e95d65fea0fdeeb2e8b0e859aa2b5,verified_from_rpc_swap_log
2026-07-31 10:43:25,buy,0x80ee6a07e4acc76dcc59e85742d5382c413a936d,0x80ee6a...3a936d,0.12,,,live_pending_fdv,0xf32d6be4dafcf9ba4351644541751e1cff1a80eb102173299a7493ebf8b8c7a8,verified_from_rpc_swap_log
2026-07-31 10:31:02,buy,0x1d5f7d645a89daaa938e25ad233a164bba2e8888,0x1d5f7d...2e8888,0.12,,,live_pending_fdv,0x2298043cefd2ae386e637d44d0fe7c988d125af1610ac1e1e8c4664cfa418958,verified_from_rpc_swap_log
2026-07-31 10:30:00,buy,0xe6605c88ee4956925e251cb1bc2c9de488728888,0xe6605c...728888,0.12,,,live_pending_fdv,0xfed2985bd683ee6206ebe33203b69210bbb2f49a5d34df6e68f497ce910bc9d9,verified_from_rpc_swap_log
2026-07-31 10:26:52,buy,0x261d6b8d515483e6d0048c6c1454bc8272cc8888,0x261d6b...cc8888,0.12,,,live_pending_fdv,0x63aaf4948ff3dd6c228ab7e3ead14daf49ed89c00e6e1b24ce21deb57a10701a,verified_from_rpc_swap_log
2026-07-31 10:18:38,buy,0x53d85e59fe9d94b957c232a838d2d429bd0d8888,0x53d85e...0d8888,0.198,,,live_pending_fdv,0x8e459e07e446994c1ceca4464d06309f91db8dc51c5506e74f85ee283f288bff,verified_from_rpc_swap_log
2026-07-31 10:14:57,buy,0xb09764def6270fd01b9aead71eed9cf11d747777,0xb09764...747777,0.4,,,live_pending_fdv,0xf94d57e1a264986fc64b4a08309e26b0b2a35109a442be8845071d53624b53c1,verified_from_rpc_swap_log
2026-07-31 10:11:58,buy,0xb09764def6270fd01b9aead71eed9cf11d747777,0xb09764...747777,0.12,,,live_pending_fdv,0x27da8966a71d238c186a2d2b5864da75c50ccbc40357495b7b68514a662aeea1,verified_from_rpc_swap_log
2026-07-31 09:46:26,buy,0x53d85e59fe9d94b957c232a838d2d429bd0d8888,0x53d85e...0d8888,0.12,,,live_pending_fdv,0x415416ad3d5e6b5266d63add0ba682e6a8631ef9149500dd13b371cbce599414,verified_from_rpc_swap_log
2026-07-31 09:44:55,buy,0xb51e441326234a6ddc24c9eb06a21fc1d3fc4444,0xb51e44...fc4444,0.12,,,live_pending_fdv,0xfbd820b12339426beea3ece14cede0547b74cc2c067c60f928c7334e8194f975,verified_from_rpc_swap_log
2026-07-31 08:37:39,buy,0x39af203a64e86fb3e46a37eff356489c3ee98888,0x39af20...e98888,0.12,,,live_pending_fdv,0x80b68d6c9249462f0f55243366ef07e11d428a41e435a642b95d3b0f31120f81,verified_from_rpc_swap_log
2026-07-31 08:12:14,buy,0xd4971dc059f4f06e005331f73f90f28c1d3b4444,0xd4971d...3b4444,0.99,,,live_pending_fdv,0x363266956e4b0aa10931d006ae8007f8d1024b6ce990f0e678e20abf8110aa91,verified_from_rpc_swap_log
2026-07-31 06:43:47,buy,0xfe894d82535c57a62bfd406c2a8c8af2b56fffff,0xfe894d...6fffff,0.6,,,live_pending_fdv,0x94a1820efca5b95d0fba7256ce87bf4943fd4e82f2ec1b545f9fef596b73b458,verified_from_rpc_swap_log
2026-07-31 06:39:48,buy,0x05f36aaedb789cc8bfedf0a04605d221e7817777,0x05f36a...817777,0.6,,,live_pending_fdv,0xbe4922d809faac01e667abefdb64fda5105a495f89240d3404d12e5a90741102,verified_from_rpc_swap_log
2026-07-31 03:25:45,buy,0x8bc9c7be867aec60ac544bcfa49e9e164adb7777,0x8bc9c7...db7777,0.99,,,live_pending_fdv,0x296a46574c97262fd31d1587190d35a7904a5dca1c2dfede8f750ef4cbe6eaa7,verified_from_rpc_swap_log
2026-07-30 14:30:12,buy,0x80be478995f5df93a121214b8e96a66e25c87777,0x80be47...c87777,0.6,,,live_pending_fdv,0xfc0b1f3423f6c4e6a0f0f4880bf384b1438f2cf7971d36332f4192247666dc28,verified_from_rpc_swap_log
2026-07-30 13:00:40,buy,0x4dca199a7013dbc091266c62692113f0309e7777,0x4dca19...9e7777,0.6,,,live_pending_fdv,0xcc00c11261164c3226fc6516938ada201a3e998650bd1f3724d08c7a2e57375b,verified_from_rpc_swap_log
2026-07-30 12:37:13,buy,0x843d0c360be2cb731b661387b98a2b4e307effff,0x843d0c...7effff,0.198,,,live_pending_fdv,0x17b56b58af690d5228776649954bc78b578c81510f4ba102802dd9db2d479100,verified_from_rpc_swap_log
2026-07-30 12:33:31,buy,0xa65f022b6f21094c907209ae1a541e07e40dffff,0xa65f02...0dffff,0.6,,,live_pending_fdv,0x7f0edbc45b38ec2bbc3d29bc5336a3e22eba6e9dacadebdafd59f13b47a5ce11,verified_from_rpc_swap_log
2026-07-30 11:02:56,buy,0x018cac0fdba8d8d7d5a841c2fe63b13450ef7777,0x018cac...ef7777,0.6,,,live_pending_fdv,0x811117842dca0b4113a18b77487de55dc37d90dcb10e07ed1b0c3de7cb896409,verified_from_rpc_swap_log
2026-07-30 10:59:57,buy,0x4e925218ff5cc1a814ae1435b78d22a7b6d57777,0x4e9252...d57777,0.6,,,live_pending_fdv,0x0ed6249b8f3db9c0633cdc4c2212ce19d93f8dc8d7d8a2de51680e002c45febd,verified_from_rpc_swap_log
2026-07-30 10:52:19,buy,0x689e2b8be70ab68cd94056136bc3e9847cf47777,0x689e2b...f47777,0.3,,,live_pending_fdv,0x73202d1cf10d7e8ed6b94c3974e06233063ad98ffcbd43c913d0e4e440e94297,verified_from_rpc_swap_log
2026-07-30 10:34:54,buy,0xe4467d55056089ce1dcba7235b03426f7e8fffff,0xe4467d...8fffff,0.6,,,live_pending_fdv,0x86dbca1a9f1bc2ddf1c6bbb364fb87678ef9cfc537e1f13d920db7a62911e427,verified_from_rpc_swap_log
2026-07-30 09:44:27,buy,0xaaba5d2b029b21fdb9dc35b3a9e6e950047b7777,0xaaba5d...7b7777,0.6,,,live_pending_fdv,0x8f371300a218790c3a5e61ff03863bb06a28beb0a001e921c8533b1216d75efb,verified_from_rpc_swap_log
2026-07-29 10:45:42,buy,0x5da6343b259378ec02d33aef0f4274e94e904444,0x5da634...904444,0.6,,,live_pending_fdv,0x4429202d0db3faf6cc1c3988606de7ada334d38024d6f25e0e135279ee1a6176,verified_from_rpc_swap_log
2026-07-29 09:56:13,buy,0x89676a7f766b11ae6d5c8d4fd177f263d6f84444,0x89676a...f84444,0.6,,,live_pending_fdv,0x11c74863da8e605ae17f81a45aa6f4d73ef4a10bd5894f8ee366696f5be12861,verified_from_rpc_swap_log
2026-07-29 09:39:24,buy,0xd4b0cd944463fe7a4a196de227465c7cc1e0ffff,0xd4b0cd...e0ffff,0.6,,,live_pending_fdv,0x69b753282b55f0118cb06dd84cc83f752a6778b2d80baee698dffd6f786a71fd,verified_from_rpc_swap_log
2026-07-29 09:34:18,buy,0x999afb34d8a809698684c8114cac7aa4f5904444,0x999afb...904444,0.4,,,live_pending_fdv,0xd21862fca26c1419307f4dd505c23982f1803732efbe26afd4a30f660c5cc182,verified_from_rpc_swap_log
2026-07-29 09:29:54,buy,0x713d39455cda84f847ea751f82735131e6334444,0x713d39...334444,0.6,,,live_pending_fdv,0x613bd40306305cbcd09c5f8b2d5f2855f348340ffcff4bd664b8d93929e63c7c,verified_from_rpc_swap_log
2026-07-29 09:22:14,buy,0x42d8259ec077a22698b0d626315d32d430fa4444,0x42d825...fa4444,0.6,,,live_pending_fdv,0x514ff02ec522665a722ebad4fa0ea716921c0e81ed11ca796deada0d1ba3fd0e,verified_from_rpc_swap_log
2026-07-29 09:08:06,buy,0xf3ce0e53473f61061638edc30f4e0c22a63c4444,0xf3ce0e...3c4444,0.4,,,live_pending_fdv,0x2245f2708ca0a6071728705388248edbf50b4c1290c62bb919a8546e536f2a17,verified_from_rpc_swap_log
2026-07-29 09:00:28,buy,0xaf4240584b16300e4421a3786c30387d362b4444,0xaf4240...2b4444,0.6,,,live_pending_fdv,0x92dc5c20d41903182ac2d2ef2e21893db44cf18a8a3e200111e31e5c9c70776a,verified_from_rpc_swap_log
2026-07-29 08:58:46,buy,0x5f2648ad077a8eb8179848bbdac0c8dc91ef7777,0x5f2648...ef7777,0.6,,,live_pending_fdv,0x26cf8f34c4aa1dacb8f76053bd96a02f6bac6e6e4ffa7c8f010aaf2aa50abc12,verified_from_rpc_swap_log
2026-07-29 07:02:02,buy,0x7be66bc6596e2d3cd77fe1387dfee32495985afe,0x7be66b...985afe,0.1,,,live_pending_fdv,0x442d38cc65a7767e68e92f69ff394e73358ac51c712b62921a3c3f9560587fd8,verified_from_rpc_swap_log
2026-07-29 06:58:22,buy,0x6537699d8cb34b87e032f89f4b8ec3bf1f6c4444,0x653769...6c4444,0.6,,,live_pending_fdv,0xa8d502b6d66c7bfe218464f814f7613f70b89650d42ae1b3ce70d1ea8a2afe60,verified_from_rpc_swap_log
2026-07-29 06:35:41,buy,0x5f6fd60ad6cd8751b4c521bc00fa02abfeca4444,0x5f6fd6...ca4444,0.6,,,live_pending_fdv,0xe41836f17e47f53aab763a2f456699aa11571b4718f9662bd1714a617141cf7e,verified_from_rpc_swap_log
2026-07-29 06:27:53,buy,0x2ef862a401a94addf2b216e143e95c6186094444,0x2ef862...094444,0.6,,,live_pending_fdv,0x99d35ab8ea012de0aedfa146142e4d5dff9c6d991d94838c2e537c31dd893b69,verified_from_rpc_swap_log
2026-07-29 06:24:16,buy,0x4b3fdb422a0c6faafebb439020f24d4523d54444,0x4b3fdb...d54444,0.4,,,live_pending_fdv,0x37fee1c2e714bd60befaaa45b839c00ae6ea33d8782a80822f76c30802d34b59,verified_from_rpc_swap_log
2026-07-29 06:10:45,buy,0x9b08975b86191b871bec4e194587ec72df5a8888,0x9b0897...5a8888,0.6,,,live_pending_fdv,0xe4f67a40c464985ce6371cb67fe1fc62244141fe6bcdb58961bd01c469fb0f6b,verified_from_rpc_swap_log
2026-07-29 06:01:34,buy,0x58992db8c498b68ab2559f12c17bf4e9d0514444,0x58992d...514444,0.6,,,live_pending_fdv,0x81429a896142cd92ba3c9dd565b4fe1c3110bdff6cfa4371e5b7e464b102c3b6,verified_from_rpc_swap_log
2026-07-29 04:56:44,buy,0xede640ebe412699af54c0f1c9a5779fe3aba4444,0xede640...ba4444,0.6,,,live_pending_fdv,0x4358d6b5859678d30fcfc9f002cfb8f3d2374811606871aae23885056c435800,verified_from_rpc_swap_log
2026-07-29 04:39:23,buy,0xa987a6f086cab5f660b3cf4a84eff69ab8744444,0xa987a6...744444,0.6,,,live_pending_fdv,0x6d1c59e0617022b76bf506f241cb3cc71ffadd205dd8981fded0d7d0a551c76a,verified_from_rpc_swap_log
2026-07-28 14:41:41,buy,0x9c53635d57a8e80a51437e8fa5ed019ef3407777,0x9c5363...407777,0.77,,,live_pending_fdv,0xab6ab06dbc3e1e561891f0732c6a80a14637b2144dd490ab83eeb38afbe8a25f,verified_from_rpc_swap_log
2026-07-28 13:34:32,buy,0x99ea888a3dfe03e74df0548501f4112f7b894444,0x99ea88...894444,0.4,,,live_pending_fdv,0x6b9b77a671a2618c931ee9910a21bbce243d8b21b89d65da074b84b747dd9a59,verified_from_rpc_swap_log
2026-07-28 13:33:49,buy,0x19fcba61f04cacac74f0183e1a73f0a2808e4444,0x19fcba...8e4444,0.4,,,live_pending_fdv,0x7b4ec4e5ca28492201d52c54f0d95d430721772fa01ad0888d0a0164add24812,verified_from_rpc_swap_log
2026-07-28 12:53:30,buy,0x172a72f46cc72588bbdc4525f3db21733d444444,0x172a72...444444,0.4,,,live_pending_fdv,0xfc8f58bf2906c83baef284882b12699e13171156128513912a7960f543a63f25,verified_from_rpc_swap_log
2026-07-28 12:38:55,buy,0x565bb5d7533d81fea30204bd5a57a274e5004444,0x565bb5...004444,0.4,,,live_pending_fdv,0x1c4dd99f5a610c2ffb740d169d562230951b89e8661a460561f083954f0c34bc,verified_from_rpc_swap_log
2026-07-28 12:23:19,buy,0x2d5587aa5017dfd8de3070e14ccdf478eae44444,0x2d5587...e44444,0.4,,,live_pending_fdv,0xa0c32a5d2a65144d46fd11efe3fac0a2247f031c370fc6ae9e1dade6026be3d9,verified_from_rpc_swap_log
