time_utc,block_number,tx_hash,log_index,event,token,symbol,bnb_amount,token_amount,fdv_usd,bucket,verification
2026-07-06 09:32:44,108381163,0x408a428b8dddf35036a38f4f05dc44a92e36c2d3357f4ecd6ff6e3fc9d0af9d1,25,sell,0x8ce3bb8e59cd6c9f4eb77e3d4990cd6ae6897777,0x8ce3bb...897777,0.1713602527528825,2863341.612111865,,live_pending_fdv,verified_from_rpc_swap_log
2026-07-06 09:31:40,108381021,0xcddca8dea53e0fca60c755faaa20c1e2d1e5d3833df8c7ba02d05b937c4a60bc,76,sell,0xde348b026fe3bc204942233f18c5b7bc00094444,0xde348b...094444,0.07646031660754835,176210.53642926353,,live_pending_fdv,verified_from_rpc_swap_log
2026-07-06 09:23:37,108379947,0xa184ca658b9926f6c88b905c8ad34748d10f4333edd11f3c66cb1a5f3c8f0014,45,sell,0x34c2e4cf4f474b084687d14892ceaed4cfcb4444,0x34c2e4...cb4444,0.5602450982204414,1864206.8559943123,,live_pending_fdv,verified_from_rpc_swap_log
2026-07-06 09:21:42,108379692,0x827fa353da102fd5cf428ff5db96a875d38943c7fdb87644828329bcc962e311,26,sell,0xcbb24039d8a616b8b713b45ba8103b5549b04444,0xcbb240...b04444,0.276988117454796,16840189.31553656,,live_pending_fdv,verified_from_rpc_swap_log
2026-07-06 09:21:36,108379678,0x76aece1ae874cdf28960a2c8c1140f670e7e2182379eb32be40406bf25e0c11f,508,buy,0xcbb24039d8a616b8b713b45ba8103b5549b04444,0xcbb240...b04444,0.2,16840189.31553656,,live_pending_fdv,verified_from_rpc_swap_log
2026-07-06 09:21:03,108379605,0x7d55cf2fbf99922ff9a99972d826f488d5530b4cf68fbba828b7b6b2f5f2416a,343,sell,0xde348b026fe3bc204942233f18c5b7bc00094444,0xde348b...094444,0.10369797995952565,176210.53642926353,,live_pending_fdv,verified_from_rpc_swap_log
2026-07-06 09:19:30,108379399,0x0297c83747029083d6c1877a32eeb723fab23ab3c8b84632d2b8c59264c5b0eb,169,sell,0xde348b026fe3bc204942233f18c5b7bc00094444,0xde348b...094444,0.06782220737501546,117473.69095284236,,live_pending_fdv,verified_from_rpc_swap_log
2026-07-06 09:19:28,108379393,0xe682a51000e949ccba4e41f35eed4d97303b0e47be27b39f6514a9add5b0042b,11,sell,0xde348b026fe3bc204942233f18c5b7bc00094444,0xde348b...094444,0.09714574798696883,156631.58793712314,,live_pending_fdv,verified_from_rpc_swap_log
2026-07-06 09:18:23,108379249,0x30b1a1d1ac039cab4a88da16ce8604bbd336bf4a720e218f4583d36fe97fe1f7,151,sell,0xde348b026fe3bc204942233f18c5b7bc00094444,0xde348b...094444,0.1599534279288156,208842.1172494975,,live_pending_fdv,verified_from_rpc_swap_log
2026-07-06 09:13:15,108378565,0x17f44bc0c4446b3ee2031e24f66c99b767e5c6493ea5f647dcb5087238eddba8,16,sell,0xde348b026fe3bc204942233f18c5b7bc00094444,0xde348b...094444,0.6593985480601721,1449199.617767159,,live_pending_fdv,verified_from_rpc_swap_log
2026-07-06 09:11:52,108378380,0xeba8a97277c21a4f773df4f6295c176cfc6b568a7f476fb2329123f34c5dc2e9,6,buy,0xde348b026fe3bc204942233f18c5b7bc00094444,0xde348b...094444,0.6633333333333333,2284568.0867651487,,live_pending_fdv,verified_from_rpc_swap_log
2026-07-06 08:51:26,108375658,0x6bdf0b8832bb311e908ab2db617afdc3842c6a617590bf885a6023453fb00c56,63,sell,0x9c118268a9bf6328b62ebf7d2be035fbc01d4444,0x9c1182...1d4444,0.4721101522789569,97145.42729514756,,live_pending_fdv,verified_from_rpc_swap_log
2026-07-06 08:51:13,108375630,0xe46b141245972f9ad474515192110bbd279a84b82c534f262482463de380c731,66,sell,0x7828fccbe2391c8e399f9ac2bedd7c40f3574444,0x7828fc...574444,0.111577307348117,310978.20427027135,,live_pending_fdv,verified_from_rpc_swap_log
2026-07-06 08:41:33,108374340,0xf100d6785ac4f4083aad73ae0f9655536bf82fbefecbb8da227ce16d9c490050,79,sell,0xa291392ecd53c6b4f396f56c7f4ead5470af4444,0xa29139...af4444,0.15029372530169738,399933.5210474933,,live_pending_fdv,verified_from_rpc_swap_log
2026-07-06 08:31:28,108372997,0x746360a2da9c095e8a0ef6c4379ad34d375af0e4c5068e335a1182c72ecb6c4e,17,sell,0x9c118268a9bf6328b62ebf7d2be035fbc01d4444,0x9c1182...1d4444,0.21879683504621486,97145.42729514756,,live_pending_fdv,verified_from_rpc_swap_log
2026-07-06 08:19:59,108371466,0x2ddb309d30bfd9fa03480a9222d0db35d06f7a033e1d97e8f70df26bbe90cfac,123,sell,0x9c118268a9bf6328b62ebf7d2be035fbc01d4444,0x9c1182...1d4444,0.07352250372792167,21587.87273225502,,live_pending_fdv,verified_from_rpc_swap_log
2026-07-06 08:19:55,108371457,0x82bb57af46b7a10ae462756a514d5eb72eb3598f4b40c4a5b2e0598d62122c02,173,sell,0x9c118268a9bf6328b62ebf7d2be035fbc01d4444,0x9c1182...1d4444,0.25096972212374946,71959.57577418338,,live_pending_fdv,verified_from_rpc_swap_log
2026-07-06 08:18:07,108371218,0x4afe65bce2e33a76477f9bd67007268119f5ec5c006d3df1ad419bc9a1ab3162,35,sell,0x9c118268a9bf6328b62ebf7d2be035fbc01d4444,0x9c1182...1d4444,0.30171667331335,95946.1010322445,,live_pending_fdv,verified_from_rpc_swap_log
2026-07-06 08:14:49,108370776,0xf7fd4d6c82740529ff95af97d587f312dabdc0c90e452637da859cae123b1f3d,54,sell,0x7828fccbe2391c8e399f9ac2bedd7c40f3574444,0x7828fc...574444,0.10864964133867343,310978.20427027135,,live_pending_fdv,verified_from_rpc_swap_log
2026-07-06 08:14:45,108370767,0x29dc58a25b97be42f6a016829102bb6f945b03eb311289f1c07ffcdb4630d2a0,320,sell,0x9c118268a9bf6328b62ebf7d2be035fbc01d4444,0x9c1182...1d4444,0.16046582881926735,42642.71156988645,,live_pending_fdv,verified_from_rpc_swap_log
2026-07-06 08:14:43,108370763,0x2fef0510c0bdce5658be3ac95a56d752ed7f8ebd055d5053ebc6f23fa371c79f,85,sell,0x9c118268a9bf6328b62ebf7d2be035fbc01d4444,0x9c1182...1d4444,0.18229702018606053,47380.790633207165,,live_pending_fdv,verified_from_rpc_swap_log
2026-07-06 08:14:41,108370759,0xa465940e057eda8d0606a3793611422ae3f1fbf31ad84281551f56b609102b8a,166,sell,0x9c118268a9bf6328b62ebf7d2be035fbc01d4444,0x9c1182...1d4444,0.2029666955314235,52645.322925785746,,live_pending_fdv,verified_from_rpc_swap_log
2026-07-06 08:14:37,108370751,0x4b78216af35a432ec119eebb7c4f192941d7450d2a40e282213d8c22a4d148ef,17,sell,0x9c118268a9bf6328b62ebf7d2be035fbc01d4444,0x9c1182...1d4444,0.22078966850596451,58494.80325087305,,live_pending_fdv,verified_from_rpc_swap_log
2026-07-06 08:14:02,108370673,0xe469ac853029be3a7925cc2d400d1fde1c63c573dfc4199cafce9cc021b67764,132,buy,0x7828fccbe2391c8e399f9ac2bedd7c40f3574444,0x7828fc...574444,0.3,621956.4085405427,,live_pending_fdv,verified_from_rpc_swap_log
2026-07-06 08:13:46,108370638,0xbd9917e3924abd5635ee753fb0ffe71db1d8f1079402d4a997d4150ed3224f89,118,sell,0xab71483e05974d9f04123dfab55063244f464444,0xab7148...464444,0.1033020804651844,5973114.8977883095,,live_pending_fdv,verified_from_rpc_swap_log
2026-07-06 08:13:45,108370634,0x22fa50a7d4285f0b0efaab47f6ae2d00e358ed0bc7d6d1e54d96a105af43fbfb,592,sell,0xab71483e05974d9f04123dfab55063244f464444,0xab7148...464444,0.11722750401692172,5973114.897788309,,live_pending_fdv,verified_from_rpc_swap_log
2026-07-06 08:13:38,108370620,0xc443745b42db97bbfda379b2c1685abcaa66f06b523bf22a1efbaa75a294f8df,87,sell,0xab71483e05974d9f04123dfab55063244f464444,0xab7148...464444,0.10507034236608719,3982076.598525538,,live_pending_fdv,verified_from_rpc_swap_log
2026-07-06 08:13:36,108370614,0x7b779c8ab49dcd0849f5257eada21ea7e68d04ee681354b5ebc7079112572adc,508,sell,0xab71483e05974d9f04123dfab55063244f464444,0xab7148...464444,0.14201145251709368,5309435.464700718,,live_pending_fdv,verified_from_rpc_swap_log
2026-07-06 08:13:34,108370610,0xd4ea805811cdb1384514d5588ec76fa894397bb59c973753e339a1eea4390fb8,42,sell,0xab71483e05974d9f04123dfab55063244f464444,0xab7148...464444,0.3096766325665564,9399801.616831886,,live_pending_fdv,verified_from_rpc_swap_log
2026-07-06 08:11:16,108370303,0xc8dbd987a5ff5be213314ee2e2508aa6959c8575ddc4ce63231c45d849fc24b9,110,sell,0xca6695c248a3576b4de4889c39d8bf7ede2e4444,0xca6695...2e4444,0.3812412023927647,29880296.450076,,live_pending_fdv,verified_from_rpc_swap_log
2026-07-06 08:11:11,108370292,0x20305a935a309a074700ddecc0ed9640da81bf7c16b8eb618aa1d76ff9ca6188,64,buy,0xca6695c248a3576b4de4889c39d8bf7ede2e4444,0xca6695...2e4444,0.3,29880296.450076,,live_pending_fdv,verified_from_rpc_swap_log
2026-07-06 08:09:20,108370046,0xe23f8c949e6429a4867aa809148092d578b7670711ce60ee3629e1318f5b71f0,43,buy,0xab71483e05974d9f04123dfab55063244f464444,0xab7148...464444,0.3,30637543.475634757,,live_pending_fdv,verified_from_rpc_swap_log
2026-07-06 08:07:05,108369746,0xb09232f278cc0d78186758d82ac67e18f1d20e9b82581610e4dc55a92b52a4c1,144,buy,0xa291392ecd53c6b4f396f56c7f4ead5470af4444,0xa29139...af4444,0.3,399933.5210474933,,live_pending_fdv,verified_from_rpc_swap_log
2026-07-06 08:06:57,108369728,0xc02ea44785b0637279dcfd2721ee5be0460a986ee6a80a092db6f97af312db11,51,sell,0xab71483e05974d9f04123dfab55063244f464444,0xab7148...464444,0.3532736615574262,28604961.277474947,,live_pending_fdv,verified_from_rpc_swap_log
2026-07-06 08:06:53,108369719,0xede7a214a1902e1a2d6ac8c3a488c31c6f5a1ad16624a06c4c5aef55d224a2e5,183,buy,0xab71483e05974d9f04123dfab55063244f464444,0xab7148...464444,0.3,28604961.277474947,,live_pending_fdv,verified_from_rpc_swap_log
2026-07-06 08:04:48,108369442,0x6da15af3f66d6f5842094ad3030f6a3bb083ef5c728b122d93f4888fa39c063b,56,sell,0xcb6df0116aa35138f4f805b4a4a9220517a84444,0xcb6df0...a84444,0.13313361728891812,1499749.1912360187,,live_pending_fdv,verified_from_rpc_swap_log
2026-07-06 08:04:33,108369409,0x3ac1729a559aa19d16cac5a8863d062305e5085b905c0c7d722300492206c4f7,37,sell,0x63c1a9ac176048822fbae9ec0644d4f9d5aa4444,0x63c1a9...aa4444,0.04351938806527794,6479558.81461928,,live_pending_fdv,verified_from_rpc_swap_log
2026-07-06 08:04:13,108369364,0x74baae3637cf30a45ac68bf951f30c21ef2dad74aa42d9613f47b84243da056a,191,sell,0x63c1a9ac176048822fbae9ec0644d4f9d5aa4444,0x63c1a9...aa4444,0.282032191877795,7469220.675433866,,live_pending_fdv,verified_from_rpc_swap_log
2026-07-06 08:04:10,108369356,0xc22aae6a9d0ce0967d0c2e5cf582bede3ca955d0f7b682ab411e1502125fd1a0,94,buy,0x63c1a9ac176048822fbae9ec0644d4f9d5aa4444,0x63c1a9...aa4444,0.3,13948779.490053145,,live_pending_fdv,verified_from_rpc_swap_log
2026-07-06 08:04:03,108369342,0x476fe4e0e04e228cfe1c566142980f44087b59d7a4599f592504de8de9d40156,214,buy,0x747b87ddb438b73044b38832027acb06412b4444,0x747b87...2b4444,0.6,125657.57071693728,,live_pending_fdv,verified_from_rpc_swap_log
2026-07-06 08:03:11,108369226,0xa52c0635dbb244d4156af10b6ac5e6cc71f1ca16740903cdc1938e785ad498a7,698,sell,0xd748884955a71b242fbafe78f8c75bec8e1f4444,0xd74888...1f4444,0.08881697664559451,194192.21489247552,,live_pending_fdv,verified_from_rpc_swap_log
2026-07-06 08:02:46,108369171,0x402ffbf015fc2de13d691c7518d4a59bd9f85558d94a2c45a00398684c1952fb,531,sell,0x9c118268a9bf6328b62ebf7d2be035fbc01d4444,0x9c1182...1d4444,0.2870427469932858,875433.2945343645,,live_pending_fdv,verified_from_rpc_swap_log
2026-07-06 08:02:42,108369161,0x94d2cf3399e10be3598adfc506fcc7a725a75be5a034b9b7a44c4177cea5c84f,61,buy,0x9c118268a9bf6328b62ebf7d2be035fbc01d4444,0x9c1182...1d4444,0.3,1460381.327043095,,live_pending_fdv,verified_from_rpc_swap_log
2026-07-06 08:02:40,108369158,0x97d988835be6b8fe2b2078d8a5952cda2d378e8f8afc8053d9dbf26b8d0a2992,752,sell,0xad0104514b67d1cbd095a86fd72b1624c40a4444,0xad0104...0a4444,0.0382076129725404,3948636.700416671,,live_pending_fdv,verified_from_rpc_swap_log
2026-07-06 08:02:39,108369154,0x55b05afb17d4f6df041085bd7dc88d16bc83ba318797ba6f2910cbdc2cb97627,73,sell,0xad0104514b67d1cbd095a86fd72b1624c40a4444,0xad0104...0a4444,0.06238095794092759,3948636.70041667,,live_pending_fdv,verified_from_rpc_swap_log
2026-07-06 08:02:31,108369137,0x143a2b566d279987d8aeeffd7360d73866e1115a43738c0e379721805716b0a5,44,sell,0xad0104514b67d1cbd095a86fd72b1624c40a4444,0xad0104...0a4444,0.32486458188604045,7897273.400833341,,live_pending_fdv,verified_from_rpc_swap_log
2026-07-06 08:02:20,108369112,0x58d64de468220e79a2fb4f8f16854017d57a04d5135fa21ae57c70eeb5954313,510,sell,0xad0104514b67d1cbd095a86fd72b1624c40a4444,0xad0104...0a4444,0.6303434984778208,27273978.590636898,,live_pending_fdv,verified_from_rpc_swap_log
2026-07-06 08:02:16,108369103,0x1e42f812d64f938bbd395a1f723bb8cd3e02a1b5dd037f321e855a154def6d3c,7,buy,0xad0104514b67d1cbd095a86fd72b1624c40a4444,0xad0104...0a4444,0.72,43068525.39230358,,live_pending_fdv,verified_from_rpc_swap_log
2026-07-06 08:00:48,108368909,0x338a791ee55ab9014dc2838487ce49593e83fb565cecf69d2176387d542baf52,71,sell,0xd748884955a71b242fbafe78f8c75bec8e1f4444,0xd74888...1f4444,0.15431304057615752,194192.21489247552,,live_pending_fdv,verified_from_rpc_swap_log
2026-07-06 08:00:20,108368846,0x9a579d5771418b244c04a76636593ba6c1b4738b4f91b6f2fa5853097bf40966,47,sell,0xd748884955a71b242fbafe78f8c75bec8e1f4444,0xd74888...1f4444,0.2865906779159767,534353.0425028766,,live_pending_fdv,verified_from_rpc_swap_log
2026-07-06 08:00:04,108368812,0x24bc254c6dadf6c16953db2926530cb196ea786212bb5c38e3ce5cfdc969009b,57,buy,0xd748884955a71b242fbafe78f8c75bec8e1f4444,0xd74888...1f4444,0.3,922737.4722878276,,live_pending_fdv,verified_from_rpc_swap_log
2026-07-06 07:54:51,108368116,0xc34e1e09cae56e0ddaf0499f79e2536956508953ccb0c90acf5a33202c94dcb8,18,buy,0xcb6df0116aa35138f4f805b4a4a9220517a84444,0xcb6df0...a84444,0.3,1499749.1912360187,,live_pending_fdv,verified_from_rpc_swap_log
2026-07-06 07:51:16,108367640,0x369d640eff62d66ac1155b924c18c6c5376376087156256e51e00cbfbf97fd91,31,sell,0xc089d46874ea39342fb768b750cb00d6a9c74444,0xc089d4...c74444,0.3680112070994355,48899053.09603121,,live_pending_fdv,verified_from_rpc_swap_log
2026-07-06 07:51:11,108367627,0xd2c5433f88f3b21e5012162770645a6abeaa2e89cb848b13a5d483b1be62cce7,7,buy,0xc089d46874ea39342fb768b750cb00d6a9c74444,0xc089d4...c74444,0.3,48899053.09603121,,live_pending_fdv,verified_from_rpc_swap_log
2026-07-06 07:51:05,108367615,0x589e95307c4dc0d5dc6f8b82d1b6aa9ef38f6c4babfe1a61508acaa9969e8488,20,sell,0x0de59547e69b00f16508af257117c324e7e64444,0x0de595...e64444,0.2845318327766368,38779251.816633955,,live_pending_fdv,verified_from_rpc_swap_log
2026-07-06 07:50:53,108367588,0xeeed8cbfca72eebf678eb66705d06f2965739ae2df8438f06973386656763ae3,20,buy,0x0de59547e69b00f16508af257117c324e7e64444,0x0de595...e64444,0.3,38779251.816633955,,live_pending_fdv,verified_from_rpc_swap_log
2026-07-06 07:40:30,108366203,0x3962df099a97b293e1d5dd2b90badfc7d7da657a9e7b35693c21a076f82367f4,25,sell,0xfb9760e40c2080b9ff13c5917fd07c3dfd1a4444,0xfb9760...1a4444,0.06889717257220966,6273921.185093352,,live_pending_fdv,verified_from_rpc_swap_log
2026-07-06 07:40:22,108366186,0x6ad7f32d9d4f9e38228c7447d89cea9d5c93e81a5cddfbcd81dc1a14ad8315bc,89,sell,0xfb9760e40c2080b9ff13c5917fd07c3dfd1a4444,0xfb9760...1a4444,0.08386376973254374,6273921.18509335,,live_pending_fdv,verified_from_rpc_swap_log
2026-07-06 07:39:11,108366027,0x3cb197d0665fa199e76581d04e6ad932458a566f81fd09731a9140536605496b,120,sell,0xfb9760e40c2080b9ff13c5917fd07c3dfd1a4444,0xfb9760...1a4444,0.05384816208801686,3174442.338701867,,live_pending_fdv,verified_from_rpc_swap_log
2026-07-06 07:39:03,108366010,0x6926753e957cf006a022af1ecc22ef7bc99b08ac59f2aeaa9c9cb975c49c8afa,497,sell,0xfb9760e40c2080b9ff13c5917fd07c3dfd1a4444,0xfb9760...1a4444,0.23252188976639487,14584691.61502593,,live_pending_fdv,verified_from_rpc_swap_log
2026-07-06 07:38:53,108365989,0xff8b57a96f7221347b1e865e98c3868f13f24f257198060586292b7eab1c480b,134,buy,0xfb9760e40c2080b9ff13c5917fd07c3dfd1a4444,0xfb9760...1a4444,0.3,30306976.323914498,,live_pending_fdv,verified_from_rpc_swap_log
2026-07-06 07:11:40,108362362,0x14605d52c8863fc3e36546e4ee5d2a8b1b29a74d236e37f0f5c0614c127744a6,362,sell,0x84d1bc753d0b5eb73af90ff86481d24a49c54444,0x84d1bc...c54444,0.04258295855612697,2639832.584798573,,live_pending_fdv,verified_from_rpc_swap_log
2026-07-06 07:03:21,108361253,0xd58229fd8fc7a665fd7c073279acfe44b0cec04295247dd8e21b10664418f57b,222,buy,0x995a31f9225f91f385f13459a61eafd7e7cb4444,0x995a31...cb4444,0.3,4489730.93229957,,live_pending_fdv,verified_from_rpc_swap_log
2026-07-06 06:53:24,108359925,0x577ff086fd3e6dbe64000a2798145d339549660eb0d3c595ac0a06cfb94bb872,450,sell,0x84d1bc753d0b5eb73af90ff86481d24a49c54444,0x84d1bc...c54444,0.1784290461688408,2639832.584798573,,live_pending_fdv,verified_from_rpc_swap_log
2026-07-06 06:53:22,108359920,0x44662ce3c923799ea5bc2923494a1a9ffd1fb599a2fd2adb83ad1343681878ec,56,sell,0x84d1bc753d0b5eb73af90ff86481d24a49c54444,0x84d1bc...c54444,0.1169854271501329,1759888.389865715,,live_pending_fdv,verified_from_rpc_swap_log
2026-07-06 06:37:49,108357848,0x8a1be9eada4ca50e48c321ee93e71658a3eddf4b52be2a2478f002c37d906f81,45,buy,0x8ce3bb8e59cd6c9f4eb77e3d4990cd6ae6897777,0x8ce3bb...897777,0.4,2863341.612111865,,live_pending_fdv,verified_from_rpc_swap_log
2026-07-06 06:36:46,108357708,0x831030653b04b9f8621d442c91a4e741455c4bd3f4f9635f1cb8e0685ab38c97,47,sell,0x6bfc125bb604523d89c22d6e1657547cc65e4444,0x6bfc12...5e4444,0.3298912885960012,29025617.07228246,,live_pending_fdv,verified_from_rpc_swap_log
2026-07-06 06:36:41,108357696,0x10c81365290a0c9f2e557d6cd257581228337afdce61fe59f41a12b707cd55ef,46,sell,0x3d7ab35ed4fac7d83ecdb7a91e1f0ddd0a224444,0x3d7ab3...224444,0.20743702574958542,1338492.156898565,,live_pending_fdv,verified_from_rpc_swap_log
2026-07-06 06:36:05,108357616,0x3291df9d83337ac81458a6cd3e3a6e1d107714a865cf59512db594dd15ce59df,101,buy,0x3d7ab35ed4fac7d83ecdb7a91e1f0ddd0a224444,0x3d7ab3...224444,0.3,1338492.156898565,,live_pending_fdv,verified_from_rpc_swap_log
2026-07-06 06:32:28,108357134,0x4eefd2e6caa33f06273124ab8fdeee3496dc6dbc7ee71c9784ec09cd1dc5bcad,22,buy,0xb12c3b85e8da06aa98c34e314afc650259e94444,0xb12c3b...e94444,0.3,3241867.756364366,,live_pending_fdv,verified_from_rpc_swap_log
2026-07-06 06:31:43,108357034,0x5f2986ad8743cd37d28168a2d4e0c2c02e26a5f73a9a00541489fa84cb97ebc0,42,buy,0x6bfc125bb604523d89c22d6e1657547cc65e4444,0x6bfc12...5e4444,0.3,29025617.07228246,,live_pending_fdv,verified_from_rpc_swap_log
2026-07-06 06:28:36,108356619,0xb1ed373d10c2081d21db31c88e6acf112281059e7f43948dff596e58741d56f3,29,sell,0x84d1bc753d0b5eb73af90ff86481d24a49c54444,0x84d1bc...c54444,0.28645323311785176,17419842.108389754,,live_pending_fdv,verified_from_rpc_swap_log
2026-07-06 06:27:38,108356490,0xc47cf8a8c4ba8b9ff195345fecc67939b220fd9bbd09ff330deca3a3b564c072,346,buy,0x84d1bc753d0b5eb73af90ff86481d24a49c54444,0x84d1bc...c54444,0.3,24459395.667852618,,live_pending_fdv,verified_from_rpc_swap_log
2026-07-06 06:23:00,108355872,0x04d647a344bb152ce0918e602f9ccb9ffdab67c009a07fe4c4c07530178d8452,41,sell,0x53438fbf5d634f84c3418273754e4bc5186f4444,0x53438f...6f4444,0.07725441973447089,258939.6671868154,,live_pending_fdv,verified_from_rpc_swap_log
2026-07-06 06:20:26,108355529,0xe7bf35968f5386a148091abbf0ae1b0cb63f612475b1afaafa525e5df1829f90,69,sell,0x53438fbf5d634f84c3418273754e4bc5186f4444,0x53438f...6f4444,0.08269478573215479,258939.6671868154,,live_pending_fdv,verified_from_rpc_swap_log
2026-07-06 06:19:18,108355379,0xec01459f8df44e8d1d966b6021907ae1eafff898fe2be816e441f5381feed8aa,573,sell,0x53438fbf5d634f84c3418273754e4bc5186f4444,0x53438f...6f4444,0.0588348831221375,172626.4447912103,,live_pending_fdv,verified_from_rpc_swap_log
2026-07-06 06:19:15,108355373,0x62df6c5bed3eb5a4c9d5c3979bbe91eb8904a15fe66178f39a92c82ef6c522ad,95,sell,0x53438fbf5d634f84c3418273754e4bc5186f4444,0x53438f...6f4444,0.0923704237211653,279262.5288677607,,live_pending_fdv,verified_from_rpc_swap_log
2026-07-06 06:18:59,108355336,0xdecc0c45c3b2f371c4d51c7a846555c9ebd52688f2c05a67825ce8aa3e1e7b88,99,sell,0x53438fbf5d634f84c3418273754e4bc5186f4444,0x53438f...6f4444,0.0928651680525353,323256.1026775339,,live_pending_fdv,verified_from_rpc_swap_log
2026-07-06 06:18:51,108355319,0xb879f5737b5686644a75e4bc03abfe4e28fde22f8cf49eb5f1290b19fbe79ccc,81,sell,0x53438fbf5d634f84c3418273754e4bc5186f4444,0x53438f...6f4444,0.37943944797552986,1293024.4107101357,,live_pending_fdv,verified_from_rpc_swap_log
2026-07-06 06:18:34,108355280,0x0a87f2f9c1bb1960decd0ac5d7e1b3835f7071d39e51d50882f99a050165983b,37,buy,0x53438fbf5d634f84c3418273754e4bc5186f4444,0x53438f...6f4444,0.6,2586048.8214202714,,live_pending_fdv,verified_from_rpc_swap_log
2026-07-06 06:03:52,108353322,0x945bbe21a5ed173376fd0d85f0f82a72a298a088bb3476120b539d954099f001,12,sell,0x82e852e5705d9f7d94f902244b5ffafaac5b4444,0x82e852...5b4444,0.3434822657504677,118027.5864905449,,live_pending_fdv,verified_from_rpc_swap_log
2026-07-06 06:03:42,108353299,0xe1b4ae6abe44b39c313272959ae643895e5940ccd794efca7dd7588009a31147,42,sell,0x6e557352442c9da93bb8a3479f4025fc3a1c4444,0x6e5573...1c4444,0.17433073134541793,331845.1913373303,,live_pending_fdv,verified_from_rpc_swap_log
2026-07-06 05:57:59,108352536,0xee70b667c07b7cfb341c70b1010a55cb791dd18fe7c3f80f9e5c09bdfdcd92d2,11,sell,0x6e557352442c9da93bb8a3479f4025fc3a1c4444,0x6e5573...1c4444,0.16380965843541634,331845.1913373303,,live_pending_fdv,verified_from_rpc_swap_log
2026-07-06 05:55:01,108352141,0xa0e0b863e589de956fa1ad15924612fcaa9a085028ae5940a7531510dd308ba0,30,buy,0x6e557352442c9da93bb8a3479f4025fc3a1c4444,0x6e5573...1c4444,0.3,663690.3826746607,,live_pending_fdv,verified_from_rpc_swap_log
2026-07-06 05:53:11,108351897,0xc9d03750448915edcf9668ca671ed2a79dd1956eca083555eb72dca6153fcee3,599,sell,0x8c1d90043666a08fd70e978c1e0f05ecca654444,0x8c1d90...654444,0.22992302154508915,1091704.139829464,,live_pending_fdv,verified_from_rpc_swap_log
2026-07-06 05:52:42,108351833,0xd30e1165f28a22349ab5bb45aab75f15d9c2ef598d09cd3b428c77ea4853c5c0,88,buy,0x8c1d90043666a08fd70e978c1e0f05ecca654444,0x8c1d90...654444,0.3,1091704.139829464,,live_pending_fdv,verified_from_rpc_swap_log
2026-07-06 05:47:56,108351198,0x195051d90e03d7d517fc36fc810f31c84c940671baf3bbfe593f25ccfe31ed82,49,sell,0x02d0c5a7e00730c761fcceed384debe986d54444,0x02d0c5...d54444,0.6725921255978308,5498219.170914803,,live_pending_fdv,verified_from_rpc_swap_log
2026-07-06 05:47:40,108351161,0x75d89ef95783f3326c50aaf789902e7c26e88a00c8347ef97b9fbb52d47ee797,17,sell,0x82e852e5705d9f7d94f902244b5ffafaac5b4444,0x82e852...5b4444,0.07924724556503167,39342.52883018163,,live_pending_fdv,verified_from_rpc_swap_log
2026-07-06 05:46:58,108351069,0xb6fd88f09313b643f928a46fe69d011a6e56ee0f23115e86e1d6bd12d5f0074a,39,buy,0x02d0c5a7e00730c761fcceed384debe986d54444,0x02d0c5...d54444,0.05,371659.104430497,,live_pending_fdv,verified_from_rpc_swap_log
2026-07-06 05:44:45,108350773,0xc33d40e54e4e6eaa015f8b1ee3d04cd96a4490f5e5448e9f354fc98d518c169c,40,buy,0x02d0c5a7e00730c761fcceed384debe986d54444,0x02d0c5...d54444,0.4,6431891.297913921,,live_pending_fdv,verified_from_rpc_swap_log
2026-07-06 05:43:29,108350605,0x4c2baabca216728b4975f4c91ca455ece3ef887dedbbbe6a06e74fe65afced83,459,sell,0x82e852e5705d9f7d94f902244b5ffafaac5b4444,0x82e852...5b4444,0.17954737026835862,157370.11532072653,,live_pending_fdv,verified_from_rpc_swap_log
2026-07-06 05:43:27,108350600,0x6a35628517969f930ece1a95aaebec0bf99dfc59bf9b2c8fcc39732482323f0a,44,sell,0x82e852e5705d9f7d94f902244b5ffafaac5b4444,0x82e852...5b4444,0.1348208675125693,104913.41021381767,,live_pending_fdv,verified_from_rpc_swap_log
2026-07-06 05:43:24,108350594,0x7e5d76cb606a24b714bb45d833d8d5a59235fb162f6a35fb784b23736305612f,15,sell,0x82e852e5705d9f7d94f902244b5ffafaac5b4444,0x82e852...5b4444,0.18128660537456368,139884.5469517569,,live_pending_fdv,verified_from_rpc_swap_log
2026-07-06 05:30:33,108348881,0x670d0116603827d8afea38f0b6acf0b6049654d7e841df80ba23898bb21f6533,37,buy,0x34c2e4cf4f474b084687d14892ceaed4cfcb4444,0x34c2e4...cb4444,0.3,1126022.7010071555,,live_pending_fdv,verified_from_rpc_swap_log
2026-07-06 05:18:28,108347270,0xe200cddfa899480101ac6c3f7ccf7f77b513d84d4fcad0314c23de03105cae6f,28,sell,0xefb795277468df5d85a3f7cc18ab8f0ff3807777,0xefb795...807777,0.09313665896768536,15304950.58023133,,live_pending_fdv,verified_from_rpc_swap_log
2026-07-06 05:16:08,108346958,0xdd9c003eea94347594512b93b5950000c86820922c9174a7a13eaa18c54db1b0,49,sell,0x34c2e4cf4f474b084687d14892ceaed4cfcb4444,0x34c2e4...cb4444,0.305716090989906,985191.2458558835,,live_pending_fdv,verified_from_rpc_swap_log
2026-07-06 05:11:30,108346341,0xd97b4d8de9b39f6b15ea4a2a5f65b75933fded9ee4402d543db62bbea1d4deac,6,buy,0x34c2e4cf4f474b084687d14892ceaed4cfcb4444,0x34c2e4...cb4444,0.3,1723375.4008430406,,live_pending_fdv,verified_from_rpc_swap_log
2026-07-06 05:07:58,108345869,0x6e4dac2724ef587ea5f0f7180942656e4ff724da32e12b83d81f2572f3bcf064,499,buy,0xefb795277468df5d85a3f7cc18ab8f0ff3807777,0xefb795...807777,0.15,15304950.58023133,,live_pending_fdv,verified_from_rpc_swap_log
2026-07-06 05:00:21,108344855,0x8860a9bc0f3c8a63a33a9d4b42885552bc3004df72b6f5463ee829fbe73024f5,363,sell,0xa0108b9b716129ec60128cc6c6180273a5694444,0xa0108b...694444,0.09167108221841787,141416.63856632338,,live_pending_fdv,verified_from_rpc_swap_log
2026-07-06 04:56:38,108344358,0x458cfb23cc5f9897269ceda40aa097054ed63effbe41b88638f9ae1c79a9c467,47,sell,0xa0108b9b716129ec60128cc6c6180273a5694444,0xa0108b...694444,0.11628858746391814,188555.5180884312,,live_pending_fdv,verified_from_rpc_swap_log
2026-07-06 04:53:40,108343963,0x0610bd4b62e0c4d6fc988255e97b9abf6b9629b97387a3a32e90616a9d34ceb6,51,sell,0x149ec68686e403744cf11bf1c9c060d48c034444,0x149ec6...034444,0.4023996166150022,1333529.2473182133,,live_pending_fdv,verified_from_rpc_swap_log
2026-07-06 04:52:41,108343833,0x985e366e0aa305a1086e3a10f0e2c9c902c7bfa74302667d3b079b7af3307713,25,buy,0x149ec68686e403744cf11bf1c9c060d48c034444,0x149ec6...034444,0.6,1333529.2473182133,,live_pending_fdv,verified_from_rpc_swap_log
2026-07-06 04:52:21,108343787,0x0b0d1363fce5a43df88a55ce229d7c4a00f1d045b28dde66827fabc2defefe53,42,buy,0x3dc1dd09a2cf5ef1bde342abc6c5c9a046e34444,0x3dc1dd...e34444,0.3,2113664.947059399,,live_pending_fdv,verified_from_rpc_swap_log
2026-07-06 04:48:57,108343334,0xb396e8f0e338be96f7313b4581ec97b652bb480dc74fa0b0e3a0e2ad7e05b137,114,sell,0xed0e948946a76cb4ce48f83dc65f64e7d7af4444,0xed0e94...af4444,0.29402125905885773,23897044.01151221,,live_pending_fdv,verified_from_rpc_swap_log
2026-07-06 04:48:37,108343291,0xc1c00d63ccb7abfb8fbc8c4f09564568499735de6d2ba31494995eb4309d9512,59,buy,0xa0108b9b716129ec60128cc6c6180273a5694444,0xa0108b...694444,0.3,754222.0723537249,,live_pending_fdv,verified_from_rpc_swap_log
2026-07-06 04:46:39,108343027,0xb5cc1e78271836ed44462efb7a99d674a717acf90217f0cb3af20e27ede195a5,66,buy,0xed0e948946a76cb4ce48f83dc65f64e7d7af4444,0xed0e94...af4444,0.3,23897044.01151221,,live_pending_fdv,verified_from_rpc_swap_log
2026-07-06 04:36:42,108341702,0xa67d54842edaee03d0f9f50921a0b25a509fa992787a46ad11018338df08d43c,30,sell,0xa0108b9b716129ec60128cc6c6180273a5694444,0xa0108b...694444,0.2396766922919862,949695.4293884801,,live_pending_fdv,verified_from_rpc_swap_log
2026-07-06 04:34:03,108341348,0xaa9e04ec771677fdd66892c350ec26b44886a0744f6ede6bc1c02b70e51339aa,32,buy,0xa0108b9b716129ec60128cc6c6180273a5694444,0xa0108b...694444,0.3,949695.4293884801,,live_pending_fdv,verified_from_rpc_swap_log
2026-07-06 04:32:19,108341117,0x416088cbbfebdca1986d2916dca871c6266c6aa418f5a53dffe4b30607492557,67,sell,0xa0108b9b716129ec60128cc6c6180273a5694444,0xa0108b...694444,0.24226363806026596,1121290.6956270698,,live_pending_fdv,verified_from_rpc_swap_log
2026-07-06 04:30:20,108340852,0xb1aeee3f863b780014ccf8beb558bb7b5392d9ec6423602c6fc3993f01937e41,396,buy,0xa0108b9b716129ec60128cc6c6180273a5694444,0xa0108b...694444,0.3,1121290.6956270698,,live_pending_fdv,verified_from_rpc_swap_log
2026-07-06 04:28:04,108340550,0xcf48511643c7c87a9f45a68833b0322fae95e734f9937ff53df14672672d2bf3,8,sell,0xa0108b9b716129ec60128cc6c6180273a5694444,0xa0108b...694444,0.03720380089491526,138439.58319599333,,live_pending_fdv,verified_from_rpc_swap_log
2026-07-06 04:27:57,108340535,0x4813e47e2b0f1d215fbb58456d016b098db9e615278679296f0112745b10f619,38,sell,0xa0108b9b716129ec60128cc6c6180273a5694444,0xa0108b...694444,0.04003017704461603,138439.58319599333,,live_pending_fdv,verified_from_rpc_swap_log
2026-07-06 04:27:46,108340511,0x556aa7a80428140db9ba92f29b160c32f7fe160d723b120f2c9122e9bc721f7a,8,sell,0xa0108b9b716129ec60128cc6c6180273a5694444,0xa0108b...694444,0.08543674782850698,276879.16639198666,,live_pending_fdv,verified_from_rpc_swap_log
2026-07-06 04:27:11,108340432,0xec05292a6d842555240f0d4977a10e27cbeaee0ae1490b69c3a44bb2060c7e03,39,sell,0xa0108b9b716129ec60128cc6c6180273a5694444,0xa0108b...694444,0.05594932433895618,184586.1109279911,,live_pending_fdv,verified_from_rpc_swap_log
2026-07-06 04:27:03,108340416,0x088cd0c5f5d11319e2e0995db4abcdd0ed597556f6ecdf98cea81afe73b11b67,36,sell,0xa0108b9b716129ec60128cc6c6180273a5694444,0xa0108b...694444,0.08176690775759704,246114.8145706548,,live_pending_fdv,verified_from_rpc_swap_log
2026-07-06 04:22:58,108339870,0xc39cde184d377ba8ea1cd2187563c5f2225f401bdd725586e511aa757a4a22c2,8,sell,0xa0108b9b716129ec60128cc6c6180273a5694444,0xa0108b...694444,0.30475514261151093,961043.725592936,,live_pending_fdv,verified_from_rpc_swap_log
2026-07-06 04:20:08,108339494,0x1d79c73dce0d1775bb48babf5ada24177fe3c9e6f9391fb5c941c55760706fa9,41,buy,0xa0108b9b716129ec60128cc6c6180273a5694444,0xa0108b...694444,0.3,1945502.9838755555,,live_pending_fdv,verified_from_rpc_swap_log
2026-07-06 04:16:01,108338945,0x548c3b1766dfa0915747fc24503e716d4b2a11d6728a25193dbf2be13d3e6299,43,buy,0xcb1cf8bbc1c84e1ad0d07cb97f84467f5fde4444,0xcb1cf8...de4444,0.3,957308.1865149857,,live_pending_fdv,verified_from_rpc_swap_log
2026-07-06 03:57:18,108336448,0xa40fa6976496c92dcc537f0fbeddcac895fa85165b47d5e46d5ceea1a5657a2c,6,buy,0x4923c180e3cfc045d05325a39c78ff616cf34444,0x4923c1...f34444,0.3,810327.8869692399,,live_pending_fdv,verified_from_rpc_swap_log
2026-07-06 03:55:29,108336206,0xdb9d512e60a453fd51e8b19bf4ec87ef4205eca50896b9bd3e17155aa7aae6b5,64,buy,0x7c2c1090518e33ba6f07d12230c3425cb8ae4444,0x7c2c10...ae4444,0.3,13421391.517579671,,live_pending_fdv,verified_from_rpc_swap_log
2026-07-06 03:39:19,108334051,0x5572e1c5bf7ab94be437beb1b5b13857540e4d25f52318b46d8f9a2dc24abd4a,16,sell,0x49f8ee0028f19e1a244bbb34fc3b810906a54444,0x49f8ee...a54444,0.06478398376024319,1989409.9178727032,,live_pending_fdv,verified_from_rpc_swap_log
2026-07-06 03:29:54,108332795,0xdbcc2964cfa068e8b8d0acc7323c1439c6e113b54a5c4b145487c4810d3123ed,50,buy,0x4923c180e3cfc045d05325a39c78ff616cf34444,0x4923c1...f34444,0.3,797544.1302548184,,live_pending_fdv,verified_from_rpc_swap_log
2026-07-06 03:29:04,108332684,0xbeeebb794bdb4daa5b17c91145801ad789c41ce77876706e4d21540077b465cf,415,sell,0x49f8ee0028f19e1a244bbb34fc3b810906a54444,0x49f8ee...a54444,0.06694895095883653,1989409.9178727022,,live_pending_fdv,verified_from_rpc_swap_log
2026-07-06 03:27:58,108332537,0x1239c6875423f9cc8f61476383de4203869c8e556f2abe640bf5d0d7d07f0df3,53,sell,0x49f8ee0028f19e1a244bbb34fc3b810906a54444,0x49f8ee...a54444,0.29749575394596933,6349486.692746891,,live_pending_fdv,verified_from_rpc_swap_log
2026-07-06 03:27:03,108332416,0x0645c1a80e186cc304a6a72309bb88c7b0f67788173933f804b35b9a61799d13,114,buy,0x49f8ee0028f19e1a244bbb34fc3b810906a54444,0x49f8ee...a54444,0.3,10328306.528492296,,live_pending_fdv,verified_from_rpc_swap_log
2026-07-06 03:17:50,108331187,0x7aa0112c43fbf31f906362a81ad25f28ed106664eecc08ecec62a0cec4a344a2,24,sell,0x4923c180e3cfc045d05325a39c78ff616cf34444,0x4923c1...f34444,0.08670233160990942,181298.38140088206,,live_pending_fdv,verified_from_rpc_swap_log
2026-07-06 03:11:26,108330333,0xf8be6d98dd858049c92c265bf1f379ba8d9986c13ad5f27b915d933dbe86b3a0,62,sell,0xc150ce96fc2b7967b750f8e35e175108c4c87777,0xc150ce...c87777,0.5928975774989682,3551707.4383419445,,live_pending_fdv,verified_from_rpc_swap_log
2026-07-06 02:56:27,108328337,0x4804a1e0f030da1f326be11b87072e69b504578f30b88d937f59dbefbd3dc59a,28,sell,0x7c2c1090518e33ba6f07d12230c3425cb8ae4444,0x7c2c10...ae4444,0.04383715656052483,807828.8673468746,,live_pending_fdv,verified_from_rpc_swap_log
2026-07-06 02:55:41,108328234,0x0706f3ab4ad954f7cc4f7d60346ed4641753d7b2b8f3c6cbefa22da179a10408,42,sell,0x7c2c1090518e33ba6f07d12230c3425cb8ae4444,0x7c2c10...ae4444,0.03909027575802269,538552.5782312498,,live_pending_fdv,verified_from_rpc_swap_log
2026-07-06 02:54:38,108328094,0xdfb0c86575709375e38a0293f9d6b8701f9751580043369ec726b449d3b21cf9,81,buy,0x4923c180e3cfc045d05325a39c78ff616cf34444,0x4923c1...f34444,0.3,725193.5256035283,,live_pending_fdv,verified_from_rpc_swap_log
2026-07-06 02:51:24,108327664,0x13a3935e754b3778d0a2992695485b1c08366dd646ecaa6c14250e1077f4d085,7,sell,0xfd81a8fa7443fff7675aa23b4fac681e4d444444,0xfd81a8...444444,0.27609534508774414,13819011.677775882,,live_pending_fdv,verified_from_rpc_swap_log
2026-07-06 02:50:14,108327508,0x7ea4828f77ce4f670cb318b150f0218ca9d1751f8adf9e81958c4b153f5e2b6c,23,buy,0xfd81a8fa7443fff7675aa23b4fac681e4d444444,0xfd81a8...444444,0.3,22809984.274143897,,live_pending_fdv,verified_from_rpc_swap_log
2026-07-06 02:43:08,108326562,0xfca7fa0f73f3f32e2bb42b242804141e6d858581fa12cd8ff0ba5a1f2dea5502,19,buy,0x7c2c1090518e33ba6f07d12230c3425cb8ae4444,0x7c2c10...ae4444,0.05,593405.170063046,,live_pending_fdv,verified_from_rpc_swap_log
2026-07-06 02:41:44,108326375,0x6a1d8cffeee24722f1a73afb7474acdd6d993dd934319528a88282098dcf09a8,9,buy,0xa3fe41b2d77ec8d023234195b218110c10714444,0xa3fe41...714444,0.3,1595875.205622812,,live_pending_fdv,verified_from_rpc_swap_log
2026-07-06 02:41:14,108326308,0x79611ea7a046667ed4c9d7bfaf2261ccd91b6a149d0e12629f67800578c3f09d,32,sell,0x7c2c1090518e33ba6f07d12230c3425cb8ae4444,0x7c2c10...ae4444,0.021276018023699224,520268.3809539838,,live_pending_fdv,verified_from_rpc_swap_log
2026-07-06 02:40:49,108326251,0x7c5a15f4d33f86593502f8856e9fdad8940537c436df47e1c9f123413c19beb3,389,sell,0x4923c180e3cfc045d05325a39c78ff616cf34444,0x4923c1...f34444,0.01153161406908428,25477.47797049125,,live_pending_fdv,verified_from_rpc_swap_log
2026-07-06 02:40:40,108326232,0x873de2b868442ec03b45ab1e1fe79852ba5bd5dc9874b63b57bbf3ce4f15225b,50,buy,0x4923c180e3cfc045d05325a39c78ff616cf34444,0x4923c1...f34444,0.01,25477.47797049125,,live_pending_fdv,verified_from_rpc_swap_log
2026-07-06 02:38:15,108325909,0xc6c1702e507765d6b5cf72204577ea524b8d605a3183ac4906d0c79922db3521,535,sell,0x7c2c1090518e33ba6f07d12230c3425cb8ae4444,0x7c2c10...ae4444,0.07831945795730424,2081073.5238159348,,live_pending_fdv,verified_from_rpc_swap_log
2026-07-06 02:37:49,108325852,0x09ae40fdea77bedd76a4e53ea29d8d4ceba9a1c5214ada96d334a748bc6b3057,30,sell,0x7c2c1090518e33ba6f07d12230c3425cb8ae4444,0x7c2c10...ae4444,0.04139226871581268,1387382.3492106227,,live_pending_fdv,verified_from_rpc_swap_log
2026-07-06 02:36:56,108325734,0x40015e12052bec8e63f0cde901458a10dbc886bb391495b47be5b13ad34fceb7,7,sell,0x7c2c1090518e33ba6f07d12230c3425cb8ae4444,0x7c2c10...ae4444,0.04396378104337034,1849843.1322808303,,live_pending_fdv,verified_from_rpc_swap_log
2026-07-06 02:36:53,108325728,0xc04906a1a182c206d3f67bc910d71804a2fd82cd97c18a1ad927d06432069f59,12,sell,0x7c2c1090518e33ba6f07d12230c3425cb8ae4444,0x7c2c10...ae4444,0.07934530491057215,2466457.509707773,,live_pending_fdv,verified_from_rpc_swap_log
2026-07-06 02:36:44,108325708,0x53bd445b2a89c8f87d4640da362234e2d127a3104ecff9c04d71bb06e25bc354,297,sell,0x7c2c1090518e33ba6f07d12230c3425cb8ae4444,0x7c2c10...ae4444,0.2817832154915827,8761083.966636064,,live_pending_fdv,verified_from_rpc_swap_log
2026-07-06 02:36:30,108325677,0x7a1d341791d64f36f8784c6799233fac3443052f1f81b0b2010ff1938cd12a20,704,buy,0x7c2c1090518e33ba6f07d12230c3425cb8ae4444,0x7c2c10...ae4444,0.3,18626914.005467158,,live_pending_fdv,verified_from_rpc_swap_log
2026-07-06 02:34:13,108325371,0x7e4683dfc1e651e44c9cf19a2b9af5034d5ae5040c2f25e7eedee7c666074b99,15,sell,0x6a3713766c0005213c87a22cdcb538f2d77e4444,0x6a3713...7e4444,0.046339669386336456,823474.1790687417,,live_pending_fdv,verified_from_rpc_swap_log
2026-07-06 02:32:24,108325130,0xe9265bd94a1a88520e6348d314ca7dfb32db5be220990527a70d4fd3a4f034bb,8,sell,0x990c71fdfa761bcf500ac8753f775ff7fb1b4444,0x990c71...1b4444,0.2855034285923718,468042.44156643766,,live_pending_fdv,verified_from_rpc_swap_log
2026-07-06 02:31:49,108325052,0x9a849faf9ed4e1005776052369f7ba6a92230d30636d6a2bf08de98c7bab9833,63,buy,0x6a3713766c0005213c87a22cdcb538f2d77e4444,0x6a3713...7e4444,0.05,340609.936084696,,live_pending_fdv,verified_from_rpc_swap_log
2026-07-06 02:28:49,108324652,0xe1998dd96c313ce73f71656773fe691f87e29e0ebcc5435b59de495061628863,20,sell,0x6a3713766c0005213c87a22cdcb538f2d77e4444,0x6a3713...7e4444,0.07952620630489558,984428.9267300904,,live_pending_fdv,verified_from_rpc_swap_log
2026-07-06 02:28:46,108324646,0x4d738abfa671eb3c7d297ca0bd1d8492ada37f481a5dfdcb062fa0e1867478a6,73,sell,0x6a3713766c0005213c87a22cdcb538f2d77e4444,0x6a3713...7e4444,0.10487876658032713,1312571.902306787,,live_pending_fdv,verified_from_rpc_swap_log
2026-07-06 02:27:45,108324509,0x55ce936d6c6d98ef4d648d49432da7e943deaff4d67f73b7ea3098f6ca97e2ee,90,buy,0x6a3713766c0005213c87a22cdcb538f2d77e4444,0x6a3713...7e4444,0.05,628980.2138802722,,live_pending_fdv,verified_from_rpc_swap_log
2026-07-06 02:19:35,108323420,0xf0f8dfbee952dcd5b76cba634f3025a062b7646becf1da545cfbec87d03c2f6e,86,sell,0x6a3713766c0005213c87a22cdcb538f2d77e4444,0x6a3713...7e4444,0.06826305438550007,4621307.395346875,,live_pending_fdv,verified_from_rpc_swap_log
2026-07-06 02:18:23,108323261,0xe0422a9e0409275c26e4552196570948bf5033acdabbe386b71ded66b4494de0,392,sell,0x6a3713766c0005213c87a22cdcb538f2d77e4444,0x6a3713...7e4444,0.08377307730243726,3080871.5968979164,,live_pending_fdv,verified_from_rpc_swap_log
2026-07-06 02:18:20,108323255,0xebed50b84c59cd694723ff81d991e179366133c1f560e92837dab790d5535ed1,7,sell,0x6a3713766c0005213c87a22cdcb538f2d77e4444,0x6a3713...7e4444,0.1064443345477945,4107828.795863889,,live_pending_fdv,verified_from_rpc_swap_log
2026-07-06 02:17:55,108323199,0xa0ac772ac134774a502559bf82b35fb542e5dde53128f39acd145b273323152e,15,sell,0x6a3713766c0005213c87a22cdcb538f2d77e4444,0x6a3713...7e4444,0.04000182189840439,1825701.6870506168,,live_pending_fdv,verified_from_rpc_swap_log
2026-07-06 02:17:53,108323194,0xc24891596d48b23b68b031c475312a4a9ead9f878084a5bd4740d01ae2155afe,7,sell,0x6a3713766c0005213c87a22cdcb538f2d77e4444,0x6a3713...7e4444,0.11866335920740326,6085672.290168722,,live_pending_fdv,verified_from_rpc_swap_log
2026-07-06 02:17:45,108323176,0x503d18c702b2de5a998f8df0badf5ed3494f8c630027a7a1999fafe9fa919af8,7,sell,0x6a3713766c0005213c87a22cdcb538f2d77e4444,0x6a3713...7e4444,0.33195014004495726,15096649.63253752,,live_pending_fdv,verified_from_rpc_swap_log
2026-07-06 02:17:20,108323121,0xe8403131eacab4625575e4cb469379eacaee278c3fcec23e975d8a9f369f7ea7,363,sell,0xa3fe41b2d77ec8d023234195b218110c10714444,0xa3fe41...714444,0.015527599222106704,74120.83157985556,,live_pending_fdv,verified_from_rpc_swap_log
2026-07-06 02:17:11,108323101,0xb38661f46ec324d9cf48dfacdc7188ff9ca598f4f9294cb9e00ae143300af7b4,37,buy,0x6a3713766c0005213c87a22cdcb538f2d77e4444,0x6a3713...7e4444,0.3,39439338.793212414,,live_pending_fdv,verified_from_rpc_swap_log
2026-07-06 02:16:33,108323016,0x3bf5cb7ea55c9f304ca10d26ac3659bf6f7ff0ee9e9a09998f817eeb4aa9c076,63,buy,0xa3fe41b2d77ec8d023234195b218110c10714444,0xa3fe41...714444,0.01,42363.58797615603,,live_pending_fdv,verified_from_rpc_swap_log
2026-07-06 02:16:25,108322999,0xebd5fb3de647d5d745ae8a07d946d3222a600c6497b0b594ec8cee5b452a5f76,46,buy,0xa3fe41b2d77ec8d023234195b218110c10714444,0xa3fe41...714444,0.01,31757.243603699535,,live_pending_fdv,verified_from_rpc_swap_log
2026-07-06 02:16:04,108322952,0xecb3a553302c6d66963d489dfd225d4aab563824cd52b1832dd005c7199a806c,593,sell,0xa3fe41b2d77ec8d023234195b218110c10714444,0xa3fe41...714444,0.14759902823507204,525543.7609065389,,live_pending_fdv,verified_from_rpc_swap_log
2026-07-06 02:15:43,108322906,0xf47c28d247bde909b4224ed8c0eb2f07496f339746e6618c8235266baed15ce8,59,sell,0xa3fe41b2d77ec8d023234195b218110c10714444,0xa3fe41...714444,0.21539795695531908,525543.7609065389,,live_pending_fdv,verified_from_rpc_swap_log
2026-07-06 02:15:26,108322868,0xa5784932ab3126ef8ceab32ee84ad8d641897a03ab62400d43583539afcfd4cc,29,sell,0xfb5d80ff8d34a37941b82e15f808e81e58b94444,0xfb5d80...b94444,0.07605947064469853,229568.1283437031,,live_pending_fdv,verified_from_rpc_swap_log
2026-07-06 02:15:24,108322864,0x4f545a789b29ac2b268adf026349211ac0467530de38785506ebf351a875d130,97,sell,0xfb5d80ff8d34a37941b82e15f808e81e58b94444,0xfb5d80...b94444,0.2705132527566707,765227.0944790104,,live_pending_fdv,verified_from_rpc_swap_log
2026-07-06 02:15:11,108322835,0x5fda04ef252776b073e39c46b270de46e563759a171c2155afeccab87b36723d,64,buy,0xa3fe41b2d77ec8d023234195b218110c10714444,0xa3fe41...714444,0.4,1051087.5218130779,,live_pending_fdv,verified_from_rpc_swap_log
2026-07-06 02:14:36,108322756,0xb20bb9af251c36f7d90c7b9335a24fa49c695756f0bf210e2900ea728415aa8e,72,sell,0x6a3713766c0005213c87a22cdcb538f2d77e4444,0x6a3713...7e4444,0.33036781414192024,44878458.37594919,,live_pending_fdv,verified_from_rpc_swap_log
2026-07-06 02:14:07,108322693,0xbbd0de6e8c6edc7ccee8f92075666ca57ee610234f4f9fed09af55c6d4b6e0af,170,buy,0x6a3713766c0005213c87a22cdcb538f2d77e4444,0x6a3713...7e4444,0.4,44878458.37594919,,live_pending_fdv,verified_from_rpc_swap_log
2026-07-06 02:14:04,108322685,0xbf87afcae5d9609e8216f3a8e98623a5aaae512acb223e6b2ae28e0e99d2638c,24,sell,0x98a2258e29a5545d0550dd3a40a79f8b7db74444,0x98a225...b74444,0.08804520533815179,1624329.9067047888,,live_pending_fdv,verified_from_rpc_swap_log
2026-07-06 02:14:02,108322682,0x1156cffd75fec52a713c2f04d5611dc24fdc28d5f64c00e133e36f97b5aa42d3,27,sell,0x98a2258e29a5545d0550dd3a40a79f8b7db74444,0x98a225...b74444,0.09660769168277418,1624329.9067047886,,live_pending_fdv,verified_from_rpc_swap_log
2026-07-06 02:12:54,108322530,0x7d94de017afa0f183ddf48e2f361b67d611ec18fbcbd74e66611a92192e76a01,22,sell,0x98a2258e29a5545d0550dd3a40a79f8b7db74444,0x98a225...b74444,0.3066922887658866,5500538.1625622045,,live_pending_fdv,verified_from_rpc_swap_log
2026-07-06 02:12:33,108322484,0xccc9607daeba458b42e9ce025ef6fcd83e7bc5b23784271706a79106f58e57d0,44,buy,0x98a2258e29a5545d0550dd3a40a79f8b7db74444,0x98a225...b74444,0.3,8749197.975971783,,live_pending_fdv,verified_from_rpc_swap_log
2026-07-06 02:09:53,108322127,0x06dd46aebdc87b0e2c8d04547bc3be04b5056f1473e4d3866efc6961224e278c,133,sell,0xfb5d80ff8d34a37941b82e15f808e81e58b94444,0xfb5d80...b94444,0.34843310438842356,1020302.7926386805,,live_pending_fdv,verified_from_rpc_swap_log
2026-07-06 01:57:42,108320503,0xa243e5320e102bf9391835d85e23d4ff9bce496d4f6480afce82608017f76093,6,buy,0xc29ad095f5afa6798269c31438a74b7a66d44444,0xc29ad0...d44444,0.4,25670060.75768806,,live_pending_fdv,verified_from_rpc_swap_log
2026-07-06 01:57:35,108320488,0xb7df64ef40b6ba4b3697f25f401d19b14ea1d2aa45a947b115adf62aa3d5925e,21,buy,0x96ce55f5c4ff33eb1329d5033c4c3dd402d14444,0x96ce55...d14444,0.4,54577595.65212204,,live_pending_fdv,verified_from_rpc_swap_log
2026-07-06 01:44:18,108318718,0xec915080a9f7425c4ab8584f44249f32d24eec5100bf7371b93e0886d1050233,8,sell,0x91ccfb940184da2f801b9fd0ade4ea93b5534444,0x91ccfb...534444,0.42173553699403815,960974.501750472,,live_pending_fdv,verified_from_rpc_swap_log
2026-07-06 01:42:46,108318513,0x819214f55b6048d37b348aa1ea081e2108fbde08b380d1cdf5040290d35fe7be,48,buy,0x91ccfb940184da2f801b9fd0ade4ea93b5534444,0x91ccfb...534444,0.4,1464076.4774217159,,live_pending_fdv,verified_from_rpc_swap_log
2026-07-06 01:11:10,108314300,0x39791ecf0c55c55cc4f4e37ad558edde178492d966d403c913669acaa79a49a1,114,buy,0x02d0c5a7e00730c761fcceed384debe986d54444,0x02d0c5...d54444,0.4,4192887.939485188,,live_pending_fdv,verified_from_rpc_swap_log
2026-07-06 00:51:21,108311658,0x0eeccee74e38eb4b121aed3c53e46a4483d663cefa8b3209769b98c33802647b,13,buy,0x30befb21a507e1946fd3a698e03be9767ab14444,0x30befb...b14444,0.4,6145159.803612708,,live_pending_fdv,verified_from_rpc_swap_log
2026-07-06 00:32:06,108309095,0x1831918b9d662489915d4217752ae0b3ff9a6424958465cd381a126f9acab166,43,buy,0x3dc1dd09a2cf5ef1bde342abc6c5c9a046e34444,0x3dc1dd...e34444,0.3,1720777.7922107584,,live_pending_fdv,verified_from_rpc_swap_log
2026-07-06 00:25:25,108308204,0x2ef6424eb77bd541c5b6a7c0c3e3e5d56e1f86fa015d9817457c6508681d3b5e,9,buy,0x0d6726a1ce0f6fa5b8935a61ba14e8b663a04444,0x0d6726...a04444,0.4,2566469.2189571597,,live_pending_fdv,verified_from_rpc_swap_log
2026-07-06 00:24:11,108308040,0xc8cb11dbc274983d854ee4b9bba0559ad9df4979a735f14997fada2828820d08,82,buy,0x8ca4944044545b388841227488dfea3630b84444,0x8ca494...b84444,0.6,11291205.406312635,,live_pending_fdv,verified_from_rpc_swap_log
2026-07-06 00:23:59,108308013,0xe50650718813f7d877d4398560f96e7e69ec2c9221e0b92dc41729a0ca01c608,79,buy,0xb279e966aea369a751d244982d93dde335fe4444,0xb279e9...fe4444,0.6,4601545.455425219,,live_pending_fdv,verified_from_rpc_swap_log
2026-07-06 00:15:55,108306938,0xe48671495f90b0e96f343358f34dd5f04ede4823314787ba37e8a1ed0b0a95d6,12,sell,0x82e852e5705d9f7d94f902244b5ffafaac5b4444,0x82e852...5b4444,0.23321393942239893,186512.7292690092,,live_pending_fdv,verified_from_rpc_swap_log
2026-07-06 00:15:53,108306934,0x209d41d7f1bad80223a2284ae9111c75d110b2f1e637b5b4765d05a7fc30d5d8,8,sell,0x82e852e5705d9f7d94f902244b5ffafaac5b4444,0x82e852...5b4444,0.31626783087864924,248683.6390253456,,live_pending_fdv,verified_from_rpc_swap_log
2026-07-06 00:10:54,108306271,0x951dec342f4b9fc6eed7febbff29df7123931574137144a81d5443278475d98f,31,sell,0xa4390b901a63641c92327e5793b45fcb46954444,0xa4390b...954444,1.5520362913585113,26897.864781376073,,live_pending_fdv,verified_from_rpc_swap_log
2026-07-06 00:10:01,108306152,0x85f70a4b290da491e756900e44df162bd2898ce661de5ee20511b63cf1198cb0,30,buy,0xfb5d80ff8d34a37941b82e15f808e81e58b94444,0xfb5d80...b94444,0.6,4081211.170554722,,live_pending_fdv,verified_from_rpc_swap_log
2026-07-05 23:57:18,108304457,0xde3d7c0dc486e0c8a5c44e58e748d4abe9267556fe4b5c222996c75a6384e087,8,sell,0x990c71fdfa761bcf500ac8753f775ff7fb1b4444,0x990c71...1b4444,0.6226739802478172,468042.43,,live_pending_fdv,verified_from_rpc_swap_log
2026-07-05 23:57:10,108304438,0x2a5be0f6a7d443d4c0b1fc31aa41907213eb33c59e7d1077df39059413531ad9,22,sell,0x990c71fdfa761bcf500ac8753f775ff7fb1b4444,0x990c71...1b4444,1.281031078487131,936084.87,,live_pending_fdv,verified_from_rpc_swap_log
2026-07-05 23:56:59,108304415,0x28b90b47f0006e607b05cf4b513aad58c40e91984111f37d591895da958bf96d,8,sell,0x990c71fdfa761bcf500ac8753f775ff7fb1b4444,0x990c71...1b4444,2.6516234280890836,1872169.73,,live_pending_fdv,verified_from_rpc_swap_log
2026-07-05 16:04:57,108241487,0x9bece2fbc7d77460baedeeabcf8ad75797e02c6187abf8a446f18bae8b622a28,21,sell,0x27ba2d7c51c3c03942eba9798b49fba6822f4444,0x27ba2d...2f4444,0.18170345649485736,1045476.1612626531,,live_pending_fdv,verified_from_rpc_swap_log
2026-07-05 16:01:50,108241071,0xfaabf5f358f00fbdc17b88d6998fd4cf68b925566215e856536dfe713e816f15,6,buy,0x27ba2d7c51c3c03942eba9798b49fba6822f4444,0x27ba2d...2f4444,0.4,2090952.3225253061,,live_pending_fdv,verified_from_rpc_swap_log
2026-07-05 15:16:49,108235070,0x70bd6decd92268228acb22d3a7f36aac9609cabfe24b43bd05e91e4899515fdb,713,sell,0xa4390b901a63641c92327e5793b45fcb46954444,0xa4390b...954444,0.09301509722527315,5977.303284750238,,live_pending_fdv,verified_from_rpc_swap_log
2026-07-05 15:16:07,108234975,0xd7cab64b030b9086b62629c54181dd8764187b98606f5e737dfb7c86e0e5016c,197,buy,0x0d6726a1ce0f6fa5b8935a61ba14e8b663a04444,0x0d6726...a04444,0.6,4522776.2912265435,,live_pending_fdv,verified_from_rpc_swap_log
2026-07-05 14:55:54,108232281,0xdc33a71b91edf9ad73633b8248cf4547acf3fb103a97f030f55956ef377c7dbe,96,sell,0xb04fa6e444fdf77b727a778e6bfa41d09df14444,0xb04fa6...f14444,0.01733385822549301,315690.80527587514,,live_pending_fdv,verified_from_rpc_swap_log
2026-07-05 14:40:29,108230225,0xf5c40c5762a3f7feadcddf153914c1f646f7911fa37032e6e427fa8958832e42,74,sell,0x22996cc71e030b38dfc822af77c8c6ccd78d4444,0x22996c...8d4444,0.159983559953564,671487.9431756509,,live_pending_fdv,verified_from_rpc_swap_log
2026-07-05 14:40:18,108230201,0x8c047dacd8886b0a8b5fe89e7f361aa583950a790071172ce94bfcfd5875ffdb,605,sell,0x22996cc71e030b38dfc822af77c8c6ccd78d4444,0x22996c...8d4444,0.20777489562835078,671487.9431756509,,live_pending_fdv,verified_from_rpc_swap_log
2026-07-05 14:38:34,108229970,0xee86382ab253b2467bb8fb7c6061f3f56f968821a54e48b9ce6e447feec8f999,26,buy,0x22996cc71e030b38dfc822af77c8c6ccd78d4444,0x22996c...8d4444,0.4,1342975.8863513018,,live_pending_fdv,verified_from_rpc_swap_log
2026-07-05 14:34:45,108229461,0x1487989c0e6256055e926aaeb0b693019fd4b6950fa06a77e3a47d4203101412,47,sell,0x7b89da63918222ac5971a1d18f0839f99c5c4444,0x7b89da...5c4444,0.4365273276033495,4818946.802800724,,live_pending_fdv,verified_from_rpc_swap_log
2026-07-05 14:30:13,108228856,0xda65aac1c265a3d99998e273aebafe021b8b37ec580112120bf5acf14fc558a1,20,sell,0xa4390b901a63641c92327e5793b45fcb46954444,0xa4390b...954444,0.16858130149192813,6641.448094166931,,live_pending_fdv,verified_from_rpc_swap_log
2026-07-05 14:30:11,108228852,0x97d5b70512e0fd9e55af3582558a4ca0f04415506b417d7265fdefbd2dffbe95,36,sell,0xa4390b901a63641c92327e5793b45fcb46954444,0xa4390b...954444,0.18733990527879402,7379.38677129659,,live_pending_fdv,verified_from_rpc_swap_log
2026-07-05 14:30:08,108228846,0xc2c89bc8cbef93d61892d7a5204c09c4bfe259df0c0415103bd809fcaf419972,29,sell,0xa4390b901a63641c92327e5793b45fcb46954444,0xa4390b...954444,0.6257210376130853,24597.955904321967,,live_pending_fdv,verified_from_rpc_swap_log
