time_utc,block_number,tx_hash,log_index,event,token,symbol,bnb_amount,token_amount,fdv_usd,bucket,verification
2026-08-06 13:32:25,114361555,0x7945c7b0c1d547f0ee36e7aaad663b802bc538e509acdc090801e534ec3de846,528,sell,0x0d3ab061c434857efef023cefb450b3159467777,0x0d3ab0...467777,0.45660305002615886,26227809.649988458,,live_pending_fdv,verified_from_rpc_swap_log
2026-08-06 13:32:20,114361543,0x78c87f7b796fbed2f954f70057c4cf735240c20a7e9f723850b4a65b17f5d1c4,84,buy,0x0d3ab061c434857efef023cefb450b3159467777,0x0d3ab0...467777,0.4,26227809.649988458,,live_pending_fdv,verified_from_rpc_swap_log
2026-08-06 13:30:33,114361341,0x894bd2f493445533e7a4d935a9681b28ea7bd03f542820e541dd171c1d880010,514,sell,0x7e8721bba7a1c54aeb3b1d27cf537ef090a77777,0x7e8721...a77777,0.12332580162889445,17666654.768563174,,live_pending_fdv,verified_from_rpc_swap_log
2026-08-06 13:30:24,114361321,0x5538d5fa17744218a46267ee7561bc680db23076de820b3da70d750740d0e92d,921,sell,0x7e8721bba7a1c54aeb3b1d27cf537ef090a77777,0x7e8721...a77777,0.3758856826802969,32144449.709246382,,live_pending_fdv,verified_from_rpc_swap_log
2026-08-06 13:30:03,114361273,0xcb67bd284b6fe4d46543dcea1cfc48dbc79389faec401adf8296018550c981f4,329,buy,0x7e8721bba7a1c54aeb3b1d27cf537ef090a77777,0x7e8721...a77777,0.4,49811104.477809556,,live_pending_fdv,verified_from_rpc_swap_log
2026-08-06 10:48:57,114340013,0xc0090c0dddf30a23357f5b7b4d0ebd79cd2607718c80c475ac3b6eb59364d02f,69,sell,0x0000000000000000000000000000000000000320,0x000000...000320,0.7539254444189479,49252696.93047246,,live_pending_fdv,verified_from_rpc_swap_log
2026-08-06 10:29:58,114337481,0x087b98f59785b6fa6021a5ddf99465f7971ad779fa8c1eda11bfe5384e9cae3e,68,buy,0x625282918050f9bab9673ffa64cf6f19c29f7777,0x625282...9f7777,0.4,11853146.259117868,,live_pending_fdv,verified_from_rpc_swap_log
2026-08-06 10:29:50,114337463,0xf90d6c9dd6dedfc90d99f303ee8941ce27d8440e60021134cb79a76bdce792eb,227,sell,0x625282918050f9bab9673ffa64cf6f19c29f7777,0x625282...9f7777,0.5821023904453689,22037826.968403656,,live_pending_fdv,verified_from_rpc_swap_log
2026-08-06 10:28:59,114337351,0x316eb4ad3d99cf1cb96cfe0a5988fa3dc805a0e3e966c6743d8811bc3591f8d9,10,buy,0x625282918050f9bab9673ffa64cf6f19c29f7777,0x625282...9f7777,0.4,16326230.77142004,,live_pending_fdv,verified_from_rpc_swap_log
2026-08-06 10:19:25,114336077,0xdeef042cdd5695982ed5053317f20b45df205669bc21f1d48a9184fdf1b03af3,90,sell,0xa394dcea3fd3847fd793afbfd163e2e3858b7c65,0xa394dc...8b7c65,0.006753112360027118,0.04386834242139993,,live_pending_fdv,verified_from_rpc_swap_log
2026-08-06 09:25:25,114328881,0x59da936ec6375b232735d0d057b6bab14c4714d8dee0365b1372445565debf8e,27,sell,0x0000000000000000000000000000000000000320,0x000000...000320,0.39131622977471436,7182782.030552117,,live_pending_fdv,verified_from_rpc_swap_log
2026-08-06 09:01:51,114325738,0xfe0e9e7fbfcf827a080d6623f2cda09072e3f98522cac50fe79916193c6e276a,104,sell,0xf3130cbc202ce07b52aefd8c284f340546fa7777,0xf3130c...fa7777,0.3428342473845225,41551781.14889736,,live_pending_fdv,verified_from_rpc_swap_log
2026-08-06 08:59:39,114325445,0x0d8fc5fd837113c75a581a7cd3090f916400ecb2d25867dd0d7e1a9f1b788bbf,81,buy,0xf3130cbc202ce07b52aefd8c284f340546fa7777,0xf3130c...fa7777,0.4,41551781.14889736,,live_pending_fdv,verified_from_rpc_swap_log
2026-08-06 06:21:53,114304416,0x3f4d3b60621f7a9531a593b38055ed208da74c1b7b80f9efe300378b3c34c08d,372,sell,0x0000000000000000000000000000000000000320,0x000000...000320,3.6041189410909813,1213068.6803496352,,live_pending_fdv,verified_from_rpc_swap_log
2026-08-06 06:05:01,114302172,0xe1bd8e3f0aaeed7f18b8631f96a1f2f77e317bfff8d19c975006dfbb89c66d0f,75,sell,0x0000000000000000000000000000000000000320,0x000000...000320,0.27049684299888965,476350.33737876336,,live_pending_fdv,verified_from_rpc_swap_log
2026-08-06 06:04:59,114302167,0x55686f80f4858a47c0570db8a7b3070e36eb841468ece97c4126fadca1ecda67,1237,sell,0x0000000000000000000000000000000000000320,0x000000...000320,0.3463883079109416,588086.8362700782,,live_pending_fdv,verified_from_rpc_swap_log
2026-08-06 06:02:49,114301877,0x26c958de614811d7866f946641999ad6c6f67d3126c9896aae1bdc9eaa8e0a44,510,sell,0x0000000000000000000000000000000000000320,0x000000...000320,1.6369976465091887,3095193.875105675,,live_pending_fdv,verified_from_rpc_swap_log
2026-08-05 12:38:14,114162901,0xa32a3d24a96e4becc1333828ddb2b696a494ee49b2859f47a05c8bc82e868065,119,sell,0x0000000000000000000000000000000000000320,0x000000...000320,0.7475045396421386,2058426.4848650538,,live_pending_fdv,verified_from_rpc_swap_log
2026-08-05 12:33:58,114162331,0xc40bbed8df6ece16f72db57984e31d8dfa640bc59dfb8cb0984796b0c5762ae6,692,sell,0x0000000000000000000000000000000000000320,0x000000...000320,0.15775652360671147,516724.80743968056,,live_pending_fdv,verified_from_rpc_swap_log
2026-08-05 12:30:57,114161930,0xc8448aab930e2649225fd6485a932a2245ef79a55c797155b54d48432d98e1cc,146,sell,0x0000000000000000000000000000000000000320,0x000000...000320,0.25658035587520245,2719604.2496825294,,live_pending_fdv,verified_from_rpc_swap_log
2026-08-05 12:28:23,114161588,0x3021d2e7bbd7911e93afb759e4f716694416d8d06fb6231533b705ade73bf9d3,324,sell,0x0000000000000000000000000000000000000320,0x000000...000320,0.42257260401368274,27315231.164111517,,live_pending_fdv,verified_from_rpc_swap_log
2026-08-05 12:12:20,114159449,0x3272075343aec0b67bda5589a513870b93d3be915860fffbda2df318561e0664,290,buy,0xffee7aecbce1a3fa5698e803c8fcafd505d94444,0xffee7a...d94444,0.1,2638890.4366668495,,live_pending_fdv,verified_from_rpc_swap_log
2026-08-05 12:07:08,114158755,0x74888a151b52ae5a0705fbcd01400dcca4bdb72816fc24dda51d561f0a94516c,584,sell,0x0000000000000000000000000000000000000320,0x000000...000320,0.035568298390708894,128337.11510762178,,live_pending_fdv,verified_from_rpc_swap_log
2026-08-05 12:07:08,114158755,0xbc182da63e6e70ca17d6819513f2584568c7248e6313c5a55799c0ce32aa07b7,423,sell,0x0000000000000000000000000000000000000320,0x000000...000320,0.03457250478157303,128337.11510762178,,live_pending_fdv,verified_from_rpc_swap_log
2026-08-05 12:07:08,114158755,0xfaf41a9cc4823012a12fcae2ccc5e71c7b54f3392e790b1596937afd1855e026,399,sell,0x0000000000000000000000000000000000000320,0x000000...000320,0.03464887963884952,128337.11510762178,,live_pending_fdv,verified_from_rpc_swap_log
2026-08-05 12:07:07,114158754,0xbf69797d92afda89650e0f84bfe4da5d2d2daa789ad6d758853a297b0f5873b6,872,sell,0x0000000000000000000000000000000000000320,0x000000...000320,0.03316822128216976,128337.11510762178,,live_pending_fdv,verified_from_rpc_swap_log
2026-08-05 12:07:02,114158743,0xa3432b459fae91e7e27ff371b00b417593d0a098f4ed12bfef982d84234740a7,123,sell,0x0000000000000000000000000000000000000320,0x000000...000320,0.13885081946324204,602075.35482588,,live_pending_fdv,verified_from_rpc_swap_log
2026-08-05 12:07:00,114158737,0x7b1eb7dfb817569cd8747906595ea5f53207dded4188bfcfc65ae5519fea86d0,260,sell,0x0000000000000000000000000000000000000320,0x000000...000320,0.025396341761078477,103331.01055364072,,live_pending_fdv,verified_from_rpc_swap_log
2026-08-05 12:07:00,114158737,0x2948519d94375334105f0eb8343efb4ec085b3a29dd0a5b011dcf6291b3bdf56,236,sell,0x0000000000000000000000000000000000000320,0x000000...000320,0.0254395209783303,103331.01055364072,,live_pending_fdv,verified_from_rpc_swap_log
2026-08-05 12:06:59,114158735,0x9e2e52a58c94471eb2c348beebb99e0d86c71e30c0151e53254ef4e0f786ca6b,351,sell,0x0000000000000000000000000000000000000320,0x000000...000320,0.015203447030341146,68887.34036909381,,live_pending_fdv,verified_from_rpc_swap_log
2026-08-05 12:06:43,114158699,0xb570860dc96feb00d538552119ba1b3af26d6245d4c835e34dfafc56bd4e6b68,711,sell,0x0000000000000000000000000000000000000320,0x000000...000320,0.022755309512995047,74877.5438794498,,live_pending_fdv,verified_from_rpc_swap_log
2026-08-05 12:06:43,114158699,0x79df62d9dc7ae0bf733d565a73b05365a3d5a86cda432d646bc2b1acb11e81d8,198,sell,0x0000000000000000000000000000000000000320,0x000000...000320,0.022817827926781557,74877.5438794498,,live_pending_fdv,verified_from_rpc_swap_log
2026-08-05 12:06:43,114158699,0x689051cd8ff35a644e2a54f3626b3e29092b50749d83f521aec6e88197bc3c84,174,sell,0x0000000000000000000000000000000000000320,0x000000...000320,0.022849173815198,74877.5438794498,,live_pending_fdv,verified_from_rpc_swap_log
2026-08-05 12:06:42,114158698,0xebef55ea7ec2f6b37bd849e0adc492a6a06cebac4cde1b17cf1a394b1ed8df18,989,sell,0x0000000000000000000000000000000000000320,0x000000...000320,0.02285154936932999,74877.5438794498,,live_pending_fdv,verified_from_rpc_swap_log
2026-08-05 12:06:41,114158696,0xd36586a2fc66bb29eaa06b4e1fb8a3f44296a066c84e01911720650f1f0f205b,732,sell,0x0000000000000000000000000000000000000320,0x000000...000320,0.02272484829802715,76405.65701984674,,live_pending_fdv,verified_from_rpc_swap_log
2026-08-05 12:06:22,114158654,0x0f2fa2e431e173a97a835c441a06e19da352498fa14f93102bdd5ef147025e65,173,sell,0x0000000000000000000000000000000000000320,0x000000...000320,0.038046683003049774,125943.39069205507,,live_pending_fdv,verified_from_rpc_swap_log
2026-08-05 12:06:22,114158654,0xcf5c7637ff04a41ab1f6bc633fa76fbe0972a194810d269dd9f04ede86caee37,149,sell,0x0000000000000000000000000000000000000320,0x000000...000320,0.038134377766603146,125943.39069205507,,live_pending_fdv,verified_from_rpc_swap_log
2026-08-05 12:06:22,114158653,0xc103bcb6b6ca0b7ca0ee75f3de3d467673cd95dc06bd277a49b9c5f2c3d44ef8,157,sell,0x0000000000000000000000000000000000000320,0x000000...000320,0.038380687811823896,125943.39069205507,,live_pending_fdv,verified_from_rpc_swap_log
2026-08-05 12:06:08,114158623,0x505eb03d893fe5c9e54ef94ac4bcc9a2c9020e44b4f41ce61659c6cb1e41c9aa,316,sell,0x0000000000000000000000000000000000000320,0x000000...000320,0.3203130576812058,984742.5609666856,,live_pending_fdv,verified_from_rpc_swap_log
2026-08-05 12:06:02,114158608,0xbcd79e2b82c13853fe94aa4041beec6a64e552b2f39bda3dd649b6202c2520cf,1428,sell,0x0000000000000000000000000000000000000320,0x000000...000320,0.052646832261681625,165410.28459686768,,live_pending_fdv,verified_from_rpc_swap_log
2026-08-05 12:06:02,114158608,0x4f5eab62df2cef6d5f8f4a07df291aa8e65bb0bdb8430d2039283b74b541f1b2,409,sell,0x0000000000000000000000000000000000000320,0x000000...000320,0.05188769693986265,165410.28459686768,,live_pending_fdv,verified_from_rpc_swap_log
2026-08-05 12:05:36,114158552,0x81e348c6a764a9fd83b230e0b3d8a308f8c1c026862e233704700c80e42d4246,455,sell,0x0000000000000000000000000000000000000320,0x000000...000320,0.06394721410292196,195239.68856043037,,live_pending_fdv,verified_from_rpc_swap_log
2026-08-05 12:05:36,114158552,0xc29c59f8cced0a0caee8216092b58b9d64e5a87f00c8f4f6059679948fe9b639,431,sell,0x0000000000000000000000000000000000000320,0x000000...000320,0.06418673857754786,195239.68856043037,,live_pending_fdv,verified_from_rpc_swap_log
2026-08-05 12:05:36,114158551,0xf903efbd6123e8b28af32a716f10a2f1bb7720eb9684c1aa55606012c3e881e4,696,sell,0x0000000000000000000000000000000000000320,0x000000...000320,0.06561138705456337,201278.02944374262,,live_pending_fdv,verified_from_rpc_swap_log
2026-08-05 12:05:36,114158550,0x81afea4ea20fd93c74329f9a9ddbd49f5574a7f7adfe2ec6f23a002fccfc4997,818,sell,0x0000000000000000000000000000000000000320,0x000000...000320,0.06748385939684617,201278.02944374262,,live_pending_fdv,verified_from_rpc_swap_log
2026-08-05 12:05:36,114158550,0xfc8acf92a016d5c6bb241a6478876eab5052b9e40265cacbdcc70b7cbf383026,763,sell,0x0000000000000000000000000000000000000320,0x000000...000320,0.06774754023715501,201278.02944374262,,live_pending_fdv,verified_from_rpc_swap_log
2026-08-05 12:05:35,114158549,0x38e8004098ae073e0bc9cc81c75817908bfed20f2a9f43154f97629e06a51714,445,sell,0x0000000000000000000000000000000000000320,0x000000...000320,0.070096252854089,201278.02944374262,,live_pending_fdv,verified_from_rpc_swap_log
2026-08-05 12:05:32,114158543,0x26016a47e3e03981d8c64c65c30dda92a41b5f61ca34faaa7c290d5197fd0dc3,572,sell,0x0000000000000000000000000000000000000320,0x000000...000320,0.08488669888377551,221184.6477403765,,live_pending_fdv,verified_from_rpc_swap_log
2026-08-05 12:05:31,114158542,0x93d1f7543de15087ec02c90e3712db99d874f1c4ac03215fa428388050a05943,243,sell,0x0000000000000000000000000000000000000320,0x000000...000320,0.07744862094826697,221184.6477403765,,live_pending_fdv,verified_from_rpc_swap_log
2026-08-05 12:05:31,114158542,0x264dfb888ec03fcb25f037220a144ac1193e38a495258240415073c812aed8d1,219,sell,0x0000000000000000000000000000000000000320,0x000000...000320,0.07778886064571584,221184.6477403765,,live_pending_fdv,verified_from_rpc_swap_log
2026-08-05 12:05:30,114158539,0xb4864652c8541ad07361a4968e61724e7c1815a895d5df2b1a9775498ffbaff6,257,sell,0x0000000000000000000000000000000000000320,0x000000...000320,0.08174570694849481,228025.41004162526,,live_pending_fdv,verified_from_rpc_swap_log
2026-08-05 12:05:21,114158518,0xe51e7eaa30519a477c4bf97c92b9a6d93238c9dfe69065385ece4b5c30852a94,211,sell,0x0000000000000000000000000000000000000320,0x000000...000320,0.06485986916791112,250577.37367211567,,live_pending_fdv,verified_from_rpc_swap_log
2026-08-05 12:05:21,114158518,0x7ae5e519b47fdb00aa1eb6b6ddf7f2dd39553ed20053888ef364bce31461f8d9,187,sell,0x0000000000000000000000000000000000000320,0x000000...000320,0.06513812970036328,250577.37367211567,,live_pending_fdv,verified_from_rpc_swap_log
2026-08-05 12:05:21,114158518,0x03a41e7ef07f6e8c694d34b7eb5fd8ec0a68445e5a447eeb25cd1cc1f47c5225,163,sell,0x0000000000000000000000000000000000000320,0x000000...000320,0.06541818551629199,250577.37367211567,,live_pending_fdv,verified_from_rpc_swap_log
2026-08-05 12:05:18,114158513,0x935c1fa6b3c13fe698f7d9bcf0e4869e3e255e8a21846f7144ea494b41290be9,551,sell,0x0000000000000000000000000000000000000320,0x000000...000320,0.06806675458362364,275359.7512880392,,live_pending_fdv,verified_from_rpc_swap_log
2026-08-05 12:05:18,114158512,0x7d22329514f808f377d49dfda5a32824d854c83d1d2c4aeb09b0471974da1d6d,259,sell,0x0000000000000000000000000000000000000320,0x000000...000320,0.07082026419648439,275359.7512880392,,live_pending_fdv,verified_from_rpc_swap_log
2026-08-05 12:05:18,114158512,0x32d884fe4f31be995104ba9b4adbe61ee4bc61f3e1e688f8bc35b3ebf044ee9b,235,sell,0x0000000000000000000000000000000000000320,0x000000...000320,0.07115332251480513,275359.7512880392,,live_pending_fdv,verified_from_rpc_swap_log
2026-08-05 12:05:17,114158509,0x74764204bcd2a77cb82ec53497459771370dfdbfb574a8aeb59849111007b93a,337,sell,0x0000000000000000000000000000000000000320,0x000000...000320,0.11686533315013728,483087.2829614723,,live_pending_fdv,verified_from_rpc_swap_log
2026-08-05 12:05:15,114158506,0xcc66b0d6d119dac806d58c3deaa0e5a2324f0e5d2402c94684bc46b5f6c9abb6,202,sell,0x0000000000000000000000000000000000000320,0x000000...000320,0.11253472799348417,508512.92943312874,,live_pending_fdv,verified_from_rpc_swap_log
2026-08-05 12:05:11,114158497,0xeb40cbe61286394807453145fbc4e91454c95c0178df8674acceeed8e347f3f2,678,sell,0x0000000000000000000000000000000000000320,0x000000...000320,0.08086166750487575,314544.0800617291,,live_pending_fdv,verified_from_rpc_swap_log
2026-08-05 12:05:09,114158493,0x27de40c7de9cc5a21a864e46165d73344f2f745b22251715f541995d27ed3a94,1471,sell,0x0000000000000000000000000000000000000320,0x000000...000320,0.08489522695367173,324272.2474863187,,live_pending_fdv,verified_from_rpc_swap_log
2026-08-05 12:04:54,114158459,0x62d3fdb8938552394a168794a90e90b10669f354fe18cf5a0c7cdaf915fc326e,1340,sell,0x0000000000000000000000000000000000000320,0x000000...000320,0.07902328118134118,368491.19032536214,,live_pending_fdv,verified_from_rpc_swap_log
2026-08-05 12:04:54,114158459,0x22855844bb56b2edbf053e1ed2aa1af6dd731ddf4478baa1026bc61e6a9b3fae,530,sell,0x0000000000000000000000000000000000000320,0x000000...000320,0.0794803713890281,368491.19032536214,,live_pending_fdv,verified_from_rpc_swap_log
2026-08-05 12:04:54,114158459,0xc8cf42f717e6368d296cda1291deb51ef9bbf2cf7e29ac9caf1a7ac75775eaa9,399,sell,0x0000000000000000000000000000000000000320,0x000000...000320,0.07994141607502242,368491.19032536214,,live_pending_fdv,verified_from_rpc_swap_log
2026-08-05 12:04:54,114158458,0x163c29d59f2aa05a9ef1d7732755b92c6e2c2141562c9cc6511d140a35fbbacb,1013,sell,0x0000000000000000000000000000000000000320,0x000000...000320,0.08056403253971735,368491.19032536214,,live_pending_fdv,verified_from_rpc_swap_log
2026-08-05 12:04:48,114158445,0xa42e8133c6bf81d3678b563a1f23e6ebb950b92c937673c0742852e379ba6a3f,1257,sell,0x0000000000000000000000000000000000000320,0x000000...000320,0.07470289765690255,379887.8250776929,,live_pending_fdv,verified_from_rpc_swap_log
2026-08-05 12:04:43,114158435,0x6c2d16368a9328ec35ca38a8aefec6d119a83639168820d1b64f56659dc4e155,950,sell,0x0000000000000000000000000000000000000320,0x000000...000320,0.46230236391867097,2970316.327767969,,live_pending_fdv,verified_from_rpc_swap_log
2026-08-05 12:04:41,114158429,0x9c92e8e788be8ab86a742a17d946a223f1404078fd93213dc29cd3d4466fa55b,286,sell,0x0000000000000000000000000000000000000320,0x000000...000320,0.5313882920732775,3667057.1947752708,,live_pending_fdv,verified_from_rpc_swap_log
2026-08-05 12:04:36,114158418,0x77ebe6dd97ef6cbb660278d31f5b6e694c666942240e320818bbda2eb1ccdb34,663,sell,0x0000000000000000000000000000000000000320,0x000000...000320,2.7383596623111885,19300301.025133003,,live_pending_fdv,verified_from_rpc_swap_log
2026-08-05 12:04:34,114158414,0xfdb9234be3dc114f99f79c0e66fc8ba0441649c9c428e760a7ae00c7d11d8f51,203,sell,0x0000000000000000000000000000000000000320,0x000000...000320,1.2123061442256693,9054462.209321657,,live_pending_fdv,verified_from_rpc_swap_log
2026-08-05 12:04:26,114158396,0xaaa97109ea452cc1bcad56368e7c8b91a5dd905b8ec83ce6aa3a8abb0ab2c51b,392,sell,0x0000000000000000000000000000000000000320,0x000000...000320,1.3694184375809615,11178348.406569947,,live_pending_fdv,verified_from_rpc_swap_log
2026-08-05 11:59:35,114157749,0xc0867cf52584e02184f59f74cc9b624145c61523b48dd1b36cbe2b05caaff198,774,sell,0x0000000000000000000000000000000000000320,0x000000...000320,0.13978908769821255,2022546.3115954902,,live_pending_fdv,verified_from_rpc_swap_log
2026-08-05 11:58:06,114157553,0x7bc2ebffd505d939e25e76747995b8807844439feb6024324fdce9a8162ea422,937,sell,0x0000000000000000000000000000000000000320,0x000000...000320,0.23112316425278895,2022546.3115954902,,live_pending_fdv,verified_from_rpc_swap_log
2026-08-05 11:54:43,114157101,0xea58663fa6a72ffec95e3fd9fc7c03119044ad7932932c585d1a1b53d0946433,276,sell,0x0000000000000000000000000000000000000320,0x000000...000320,0.3904146907216376,5806880.5606660405,,live_pending_fdv,verified_from_rpc_swap_log
2026-08-05 11:21:56,114152729,0x23c0251cf68d577e553bda8aa174d3dd0959a24fb1db710fc90a58bd34403009,89,sell,0x924fa68a0fc644485b8df8abfa0a41c2e7744444,0x924fa6...744444,0.003533731124132804,4.416689532493919,,live_pending_fdv,verified_from_rpc_swap_log
2026-08-05 09:29:58,114137807,0x67bc7359f4ce43a5a9dec677b6e33cfd3a46a78d72974839256df1ce24bc18fc,548,sell,0x1ff28eeb5a904b501757f3992f59e100beb87777,0x1ff28e...b87777,0.4448048488036323,63561466.630370475,,live_pending_fdv,verified_from_rpc_swap_log
2026-08-05 09:29:41,114137768,0xa3b53428d4daa65e1988d83d6f7e5ec1477a692068e7c020f8f2e41a162a8d4d,570,buy,0x1ff28eeb5a904b501757f3992f59e100beb87777,0x1ff28e...b87777,0.4,30591431.608425733,,live_pending_fdv,verified_from_rpc_swap_log
2026-08-05 09:29:39,114137764,0xb277ef3b15962911c33954233c488c40cbda74e3c7571e4d2643cc99a4a97eb8,423,buy,0x1ff28eeb5a904b501757f3992f59e100beb87777,0x1ff28e...b87777,0.4,32970035.021944743,,live_pending_fdv,verified_from_rpc_swap_log
2026-08-05 09:12:25,114135466,0x32f80b943d7507f0e302cec3995f9323cbed0643ce2096192c6b62520a640894,195,buy,0x625282918050f9bab9673ffa64cf6f19c29f7777,0x625282...9f7777,0.4,5711596.196983621,,live_pending_fdv,verified_from_rpc_swap_log
2026-08-05 09:06:17,114134648,0xf3d730dac77d62641470815d14a2d7a292da648f84b1e9944477b63c8b3de568,749,sell,0x0000000000000000000000000000000000000320,0x000000...000320,0.1319361731963298,2508618.4866024945,,live_pending_fdv,verified_from_rpc_swap_log
2026-08-05 09:01:57,114134072,0x2d69ad878db3cfb81ab9e4fa7fbc2dd7bb8d19ab98614dd709ae84adfbd04870,126,sell,0x0000000000000000000000000000000000000320,0x000000...000320,0.4001226678015244,44158761.44846853,,live_pending_fdv,verified_from_rpc_swap_log
2026-08-05 09:00:22,114133860,0x67edf24901f4df0659397b61cc5c9731efd3f02397ad3ca1d811e4fea2c7d37c,592,sell,0x0000000000000000000000000000000000000320,0x000000...000320,0.12168242968036212,2508618.4866024945,,live_pending_fdv,verified_from_rpc_swap_log
2026-08-05 09:00:20,114133856,0xfced18f341c201e7b636b54ff1aa3ffe56b516453072144866c6ba22e8d4e4a4,262,sell,0x0000000000000000000000000000000000000320,0x000000...000320,0.06379956724730981,1176882.7468011703,,live_pending_fdv,verified_from_rpc_swap_log
2026-08-05 09:00:14,114133841,0x05314e648ef8e86f5c7675a1b86110b9eea4e06bc6d9c7aa67d2be7c168b9d13,401,sell,0x0000000000000000000000000000000000000320,0x000000...000320,0.07607221861206354,1452941.662717494,,live_pending_fdv,verified_from_rpc_swap_log
2026-08-05 08:57:54,114133532,0x941b8c903e65a964880ac68c0051f84eace81a7fa1629e9fc43babd388d8fa1a,306,sell,0x0000000000000000000000000000000000000320,0x000000...000320,0.3730034288254223,43771681.76152441,,live_pending_fdv,verified_from_rpc_swap_log
2026-08-05 08:55:37,114133226,0x16288676c63abdc7f9ca3fad2d20d6c6a6d2005ff1a2d572573867fe23995794,278,sell,0x092d5d63fa6ec122f7667e0865e2cb2ce1647777,0x092d5d...647777,0.047464559376237454,3435117.913390828,,live_pending_fdv,verified_from_rpc_swap_log
2026-08-05 08:46:47,114132048,0xdfd7081e33725dbd50ca9332b1c283ab413c64a80caabaedacf6f9e938f1617f,218,sell,0xf0675db301b0ebe0919f09209607d452b8757777,0xf0675d...757777,0.35294607031334746,30489019.79130947,,live_pending_fdv,verified_from_rpc_swap_log
2026-08-05 08:46:24,114131998,0xbf2377838b092026308194d212626e77e5160591f191b4a77b9aa6c08d53f427,25,buy,0xf0675db301b0ebe0919f09209607d452b8757777,0xf0675d...757777,0.4,30489019.79130947,,live_pending_fdv,verified_from_rpc_swap_log
2026-08-05 08:45:59,114131943,0x0c3bef850a9f17c42f81dcd0b099ce659a4b11e5684a40e37407811606c2e1f3,83,sell,0x2e2f0e83958b84291d2d69a71cfa363573907777,0x2e2f0e...907777,0.5834919263271803,49135653.5274169,,live_pending_fdv,verified_from_rpc_swap_log
2026-08-05 08:45:50,114131922,0xe65d1e91e6a594af91529cda825f2f8b479627ffe3c6c3875e83bbea2a0311b3,299,buy,0x2e2f0e83958b84291d2d69a71cfa363573907777,0x2e2f0e...907777,0.4,49135653.5274169,,live_pending_fdv,verified_from_rpc_swap_log
2026-08-05 08:14:59,114127810,0x76b1a5307926003d9e88ae8a6cf6f13f41ba9bc37000066834e834cab15a03d3,59,sell,0x0000000000000000000000000000000000000320,0x000000...000320,0.10868440749762993,1482672.414097044,,live_pending_fdv,verified_from_rpc_swap_log
2026-08-05 08:14:32,114127749,0x672152b2b8917417a1b4d45aff3d6589f5e7cff59890eb1390f0b14c740ee45b,160,sell,0x0000000000000000000000000000000000000320,0x000000...000320,0.5167329575380382,7803539.021563388,,live_pending_fdv,verified_from_rpc_swap_log
2026-08-05 08:14:11,114127702,0xad05212345abd8287240af9c9679b755999eaf01d7aa245fc2e7da59a2b56d7d,50,sell,0xc385bbc85654b1543ec852380379588524177777,0xc385bb...177777,0.3563655969649182,36039435.27148634,,live_pending_fdv,verified_from_rpc_swap_log
2026-08-05 08:13:59,114127677,0x1bd3de381cd9a4d95ab0c25ed5842df1644ad2b8a5ce26d710c35bb5190f28e2,135,buy,0xc385bbc85654b1543ec852380379588524177777,0xc385bb...177777,0.4,36039435.27148634,,live_pending_fdv,verified_from_rpc_swap_log
2026-08-05 08:02:26,114126136,0x2fae5d74db98bd675f58dbacc893df07528bc020269ed6555268be872bd165b7,150,sell,0x7456aa5ed38e0524f713a4810dce5f0325e37777,0x7456aa...e37777,0.4951441581018023,44037455.781643406,,live_pending_fdv,verified_from_rpc_swap_log
2026-08-05 08:02:22,114126128,0xa5a4d242fe25bda0174a8b3f25c782c74614dbb847d3ea2377fe017cc42dfcc6,231,sell,0x1cbeb272c15229fa23025de6ea11887a2eba7777,0x1cbeb2...ba7777,0.3084961299402996,5033900.885447539,,live_pending_fdv,verified_from_rpc_swap_log
2026-08-05 08:01:44,114126044,0x03b0c7f7263e2ce922d79bfb2e088fb6e3d8b1d8b5a5bc140df4ad3348524ad6,348,sell,0x3a7553444bef94390a45e35ef20abb7cc909a18f,0x3a7553...09a18f,0.5025161029180444,493621191.12466717,,live_pending_fdv,verified_from_rpc_swap_log
2026-08-05 08:01:33,114126019,0xc3eb8fb60370abc4d57d994f742adc429d381122b17fd706e00d8eeb75223a51,219,buy,0x7456aa5ed38e0524f713a4810dce5f0325e37777,0x7456aa...e37777,0.4,44037455.781643406,,live_pending_fdv,verified_from_rpc_swap_log
2026-08-05 08:00:29,114125877,0x50b50cdd9d90644f6d3207ee7332afa7ae2660876157b3b45ce5574ab7ebbe16,11,buy,0x1cbeb272c15229fa23025de6ea11887a2eba7777,0x1cbeb2...ba7777,0.4,5033900.885447539,,live_pending_fdv,verified_from_rpc_swap_log
2026-08-05 07:44:35,114123758,0x67318320f2849122f7d1d6c83323272bd33624f407c5d35e18832d7a751b0c4e,40,buy,0x3a7553444bef94390a45e35ef20abb7cc909a18f,0x3a7553...09a18f,0.4,493621191.12466717,,live_pending_fdv,verified_from_rpc_swap_log
2026-08-05 06:03:00,114110218,0x8af10acf41a3ec3b0fb725aa7fcbeff8be7ae2e30fb16a93e760114499b6b2c7,552,sell,0x092d5d63fa6ec122f7667e0865e2cb2ce1647777,0x092d5d...647777,0.39401568087352673,8836701.118612597,,live_pending_fdv,verified_from_rpc_swap_log
2026-08-05 05:59:46,114109787,0xeca5cd10613dd0622a23585d08827a4999263877f6362b17aba082fb3dd9a5ac,124,buy,0x092d5d63fa6ec122f7667e0865e2cb2ce1647777,0x092d5d...647777,0.4,12271819.032003423,,live_pending_fdv,verified_from_rpc_swap_log
2026-08-05 05:59:34,114109761,0x4050e1285307468b7f4d140e935153b081e4cc169dc28d2f9fb6ab11c4952423,139,sell,0x1305333c0f3d9c5519dc47b1866005b3d92d7777,0x130533...2d7777,0.07488039793763333,7870655.7811481375,,live_pending_fdv,verified_from_rpc_swap_log
2026-08-05 05:53:10,114108907,0xd085f602cc0137dcdb7a7f1f03fbadf5f5674c36eadd2b5005eda1280452ac58,260,sell,0x0000000000000000000000000000000000000320,0x000000...000320,1.7789454813426853,5252137.560045913,,live_pending_fdv,verified_from_rpc_swap_log
2026-08-05 05:52:22,114108801,0x7b3c310a2370018150c64dd10e5a04eed4cef9a493acf45bc4743c765024d45a,214,sell,0x0000000000000000000000000000000000000320,0x000000...000320,0.8312704071853574,2463965.7689104285,,live_pending_fdv,verified_from_rpc_swap_log
2026-08-05 05:49:58,114108480,0xfb9e39e59801eea1d80aac5c9651f4c28ec4e97347ac70e2a3854de213102c5d,187,sell,0x1305333c0f3d9c5519dc47b1866005b3d92d7777,0x130533...2d7777,0.383834859943432,22852562.647819374,,live_pending_fdv,verified_from_rpc_swap_log
2026-08-05 05:49:19,114108394,0x6abb248a7712887d5afa60908a7b29270109c55e688e1e0b6be1a4f383c1d3ac,193,buy,0x1305333c0f3d9c5519dc47b1866005b3d92d7777,0x130533...2d7777,0.4,30723218.428967513,,live_pending_fdv,verified_from_rpc_swap_log
2026-08-05 05:38:55,114107007,0x3c5f6c4670b9f2a15797271577ee90b2e1df24b84b53aabe7f3eeecb777c7388,207,sell,0x092d5d63fa6ec122f7667e0865e2cb2ce1647777,0x092d5d...647777,0.4920858577304786,10457059.306817077,,live_pending_fdv,verified_from_rpc_swap_log
2026-08-05 05:37:23,114106803,0x41c7fb5cc6b5020e3386d0967fd459df981ac00db917861217779fd6aeef1476,311,buy,0x092d5d63fa6ec122f7667e0865e2cb2ce1647777,0x092d5d...647777,0.4,10457059.306817077,,live_pending_fdv,verified_from_rpc_swap_log
2026-08-05 05:26:55,114105408,0x2542f185af12beab59099b9d40ec41f79c4664d3f80521874a3e6b5d8c02c50f,114,sell,0x0000000000000000000000000000000000000320,0x000000...000320,0.3468155566934047,11684182918612.412,,live_pending_fdv,verified_from_rpc_swap_log
2026-08-05 05:25:10,114105175,0x372e9ea1cfe7453aeed10ee96e13ce0a2ce003e328d71b390ea1fcf9967d1247,199,sell,0x0000000000000000000000000000000000000320,0x000000...000320,0.5631875909145488,7255306.945202897,,live_pending_fdv,verified_from_rpc_swap_log
2026-08-05 05:20:59,114104616,0x9aab6dc703e333b8483bdf4694af9ed32ae70543626be488875c21005bd93329,45,sell,0x0000000000000000000000000000000000000320,0x000000...000320,7.254179942409968,9502504616.136538,,live_pending_fdv,verified_from_rpc_swap_log
2026-08-05 04:50:47,114100590,0xbb290474a90c0803b96cf61261c73627f39e21864027d03094e4997b8b14aa32,148,sell,0x78319b744e7f6c35a8b17a8ee3a8aee8d65f7777,0x78319b...5f7777,0.3281196202357914,34191392.89011536,,live_pending_fdv,verified_from_rpc_swap_log
2026-08-05 04:50:45,114100586,0xf380f16f743f17842034d31dd708439c76407f453a82d7c795368c2dc5e11524,157,buy,0x78319b744e7f6c35a8b17a8ee3a8aee8d65f7777,0x78319b...5f7777,0.4,34191392.89011536,,live_pending_fdv,verified_from_rpc_swap_log
2026-08-05 04:39:34,114099094,0xd62c7885800d2ed0dc6b8a6a5b30b4c38392e5ae0fbbcec72b6c6fb032da3fdd,410,sell,0xf4edc4d05c87ffc3ae9dd2b05843bd97a2507777,0xf4edc4...507777,0.41716773063019735,34294177.03035446,,live_pending_fdv,verified_from_rpc_swap_log
2026-08-05 04:38:47,114098990,0x1c460cf12586c56dbe104a56311f71ace45b2a72a04939599bc4f6ca073be94b,262,buy,0xf4edc4d05c87ffc3ae9dd2b05843bd97a2507777,0xf4edc4...507777,0.4,34294177.03035446,,live_pending_fdv,verified_from_rpc_swap_log
2026-08-05 03:52:54,114092873,0xe9cc7fad642e8858e527a910a9dfac98d11418c6e07a1af1d1dbef303e650225,670,sell,0x0000000000000000000000000000000000000320,0x000000...000320,1.1449353674744083,3944872.321273537,,live_pending_fdv,verified_from_rpc_swap_log
2026-08-05 03:28:27,114089612,0x141541b29db98ff33c9b0462bc4ef79d42147847f1e1c8dbb64428d3388bb6e1,29,sell,0x0b876e1d6c0b1faa913c9eb5ea4d2c5102587777,0x0b876e...587777,0.39594177132007585,64704391.89140017,,live_pending_fdv,verified_from_rpc_swap_log
2026-08-05 03:28:24,114089606,0x98a3c9f0dec90bcadd2459e62bed560adfef34aacb04cb4cad4fbd3d4bc8d8d8,127,buy,0x0b876e1d6c0b1faa913c9eb5ea4d2c5102587777,0x0b876e...587777,0.4,64704391.89140017,,live_pending_fdv,verified_from_rpc_swap_log
2026-08-05 02:29:04,114081696,0xb9b60713e022ea4319cea33b1a1f17e5a9e95e128b37bcae1fcc25d2fda65bec,128,sell,0xa394dcea3fd3847fd793afbfd163e2e3858b7c65,0xa394dc...8b7c65,0.008712369397441242,0.056578220701618935,,live_pending_fdv,verified_from_rpc_swap_log
2026-08-05 02:00:24,114077875,0xa716a3ccd4239da1d81dd2286b97ace934b062a2f89263a13be4d1e9db7219ae,497,sell,0xd45ff38d132114968091f154cdcc0dfea06b4444,0xd45ff3...6b4444,0.8813621191261919,3156520.255913016,,live_pending_fdv,verified_from_rpc_swap_log
2026-08-04 18:32:37,114018183,0x26334098e3dc4895cf4e76fc07656f41d6fd8eea4ca2de596362a142d4c33d4e,440,sell,0x9b1047c1252e3c814554044d29aceb0f3b734444,0x9b1047...734444,0.25391519568791265,28471983.245226625,,live_pending_fdv,verified_from_rpc_swap_log
2026-08-04 18:31:27,114018026,0x73ce30b26a7a8b603c009ba74c85f69b106adf49e74efa6a751b3b84b57f0d1e,522,sell,0x06286fd71ad8e38c658fb9b4c40350bd49744444,0x06286f...744444,0.28505273947933923,48392608.27998545,,live_pending_fdv,verified_from_rpc_swap_log
2026-08-04 18:27:49,114017543,0x8bd75fb9f0f50c79a3a58f58e4316b3810513aa90467ae00373dee446b854374,73,sell,0x44449ba264dffdcf903128c6800d9e4d3998adaf,0x44449b...98adaf,0.7147083469122733,3146743.3906770814,,live_pending_fdv,verified_from_rpc_swap_log
2026-08-04 18:27:00,114017433,0x09413790b893ec4afbbd9d5c812ce6850d7d5336c1cb3416bc08e739991d76dc,86,sell,0x4444d0579a0eafa455610693c6da8301a3eb4396,0x4444d0...eb4396,1.1512218133337724,18949366.241711963,,live_pending_fdv,verified_from_rpc_swap_log
2026-08-04 18:15:51,114015946,0x6ef1adfa497c6fcb6c94dab2b651b2154e7b10f2bbbb75d4b3d954af9c2d40ab,134,sell,0xadcc6297b18bc16fe4f9228764dcae0bc57c4444,0xadcc62...7c4444,0.12825971518294416,22192964.154821903,,live_pending_fdv,verified_from_rpc_swap_log
2026-08-04 18:14:09,114015721,0xf00fe6ae6706d87bba07210a965fe5e87f2ad698ab9f142b639912a385af069c,97,sell,0x34016422dbe374262e130e53ddf36d14b0434444,0x340164...434444,0.13754154669506263,19356763.38690386,,live_pending_fdv,verified_from_rpc_swap_log
2026-08-04 18:09:35,114015112,0x5bb90e0450abafaef454a1a3ae374fa9c8c8f29993a4ec0ac2aea2bdc97e552c,36,sell,0xbb74f5490f12019ee2c15e4b20047dd115b54444,0xbb74f5...b54444,0.14862594933290657,24549223.499333546,,live_pending_fdv,verified_from_rpc_swap_log
2026-08-04 18:00:10,114013856,0xac1510f8d29c99af68ff49c76b7ea29be6273d2379b7a60b1df24b320cf73765,79,sell,0x960fa3f2aaa49037233aa1c0dc194141e8294444,0x960fa3...294444,0.29627810833410656,37992148.83528093,,live_pending_fdv,verified_from_rpc_swap_log
2026-08-04 17:59:24,114013753,0xbe7d2f753f74f914c40ae205a4a6adb96f9aac4b8f97f48643d7a3d99c930115,181,sell,0x17cfa4b566f134429a584a60f085f9c8eb594444,0x17cfa4...594444,0.33575070462865464,52611208.395796984,,live_pending_fdv,verified_from_rpc_swap_log
2026-08-04 17:59:01,114013703,0xa52b2d57cd93ab831aa591fadf8c13bb754eb957dab59f70e033fb4ffc3d261d,8,sell,0x22a1ecae7d8f356fc7dd96e776f35fcdc2d31111,0x22a1ec...d31111,0.35030753040330886,52895933.13774147,,live_pending_fdv,verified_from_rpc_swap_log
2026-08-04 17:57:54,114013554,0x0bbd75666a7230eaafec3a3459c1c2374b8cb6c97f8ed1fb16292dbe4d69e4f0,110,sell,0xabffd43c28bdaed633fcd7ad0982cd0bd6fb4444,0xabffd4...fb4444,0.3865392939646197,51689588.88658134,,live_pending_fdv,verified_from_rpc_swap_log
2026-08-04 17:56:40,114013389,0x5b960c3bc0824c4e859c6412afa1d17a57a50e92dc37b9c2383c1bb470a8171a,39,sell,0xee209bcf1596f54c68f9c8c566cd7c2d32a64444,0xee209b...a64444,0.43966518024257434,71014818.1209952,,live_pending_fdv,verified_from_rpc_swap_log
2026-08-04 17:56:13,114013330,0xc62b3dcbadcbefa94cd5e9f525a58fe8aeaa71593e1fe449545e4aae43dd838c,10,sell,0xa13bc6af99880b13dd42ec5c4d0518d6849e4444,0xa13bc6...9e4444,0.4363910116905919,72353985.08195578,,live_pending_fdv,verified_from_rpc_swap_log
2026-08-04 17:54:29,114013098,0xe40232747b1f2692d117d8ddff56b461c64b280111d8c6f662023d7e47af8d78,42,sell,0x048a1a6ad34966bc4e57acb1abb8f77481db4444,0x048a1a...db4444,0.6003909685737431,93539173.51483002,,live_pending_fdv,verified_from_rpc_swap_log
2026-08-04 17:53:59,114013033,0xd732731bbb0ac372b783fee10861f3d5fb993ec5ba7993dc71218bfb5c5c3c2e,7,sell,0x049e23bf93eb4c7d53a859589cc57a180a054444,0x049e23...054444,0.600789301829621,93539173.51483002,,live_pending_fdv,verified_from_rpc_swap_log
2026-08-04 17:44:40,114011790,0x37ca3712b10e60195cc3be100cbabfba4b60a8d515a1d394b2e8200487924fd6,585,sell,0x0000000000000000000000000000000000000320,0x000000...000320,0.38480690492481445,43051944.8064138,,live_pending_fdv,verified_from_rpc_swap_log
2026-08-04 17:44:14,114011733,0x6303fa0d3e59446ba654a8d5dc2a6290a097dc7e43bea3da2647eba8e5cd1ae3,102,sell,0x0000000000000000000000000000000000000320,0x000000...000320,0.19698086904430717,4856624.191402431,,live_pending_fdv,verified_from_rpc_swap_log
2026-08-04 17:44:10,114011724,0x72ebe9c92a6b88f7074f241f4da4f45e5084d4761e2abe3b71b34608df059c88,382,sell,0x0000000000000000000000000000000000000320,0x000000...000320,0.41111868650618133,9713248.382804861,,live_pending_fdv,verified_from_rpc_swap_log
2026-08-04 17:43:43,114011663,0x97fc6b223c12cedd68f3ccab74f78871ed437c8a9c8fbf1d4691401b928888ef,158,sell,0x0000000000000000000000000000000000000320,0x000000...000320,0.2053336859311035,3533783.508788549,,live_pending_fdv,verified_from_rpc_swap_log
2026-08-04 17:20:01,114008503,0x8f073bc22af64e45f209e554529ee34b9340c4861d19d2d91cf08b5bfb129bcb,96,sell,0xd959d31b8bf685cfd0dd593cdeb243e265744444,0xd959d3...744444,0.1714260282559416,11803899.629704315,,live_pending_fdv,verified_from_rpc_swap_log
2026-08-04 17:19:40,114008457,0x3d4d17e7fc98184e4bc9575f8cdb10f507815933acfdbf2b233bdd2b6b0e28dc,217,sell,0x1671ba8c2526ffdf90c33241db97967cb4f34444,0x1671ba...f34444,0.8600174784085131,10602112.158601739,,live_pending_fdv,verified_from_rpc_swap_log
2026-08-04 17:19:29,114008432,0xf54eaad5840090d71a086660c278cbf530daf52d6b23bc5d9fa103c35900fe1f,145,sell,0xd93e1c278ee4691cbe4efd3ac9070199d3f24444,0xd93e1c...f24444,1.2928378449849618,22120946.292375065,,live_pending_fdv,verified_from_rpc_swap_log
2026-08-04 17:19:21,114008416,0x85495da1862c2ea8b76be7b7e91aea16a1e8941c802e76cc62d3d08330dad2c8,21,sell,0xe9ae476fb895c08ccc592ca8566c99d4894e4444,0xe9ae47...4e4444,0.9494637759170089,33693179.96968138,,live_pending_fdv,verified_from_rpc_swap_log
2026-08-04 17:11:19,114007345,0x1231ed8f1b857f785c78a6f7ef8ebe1ff2fc1d3d05178458fac1a827ac078389,133,sell,0x0000000000000000000000000000000000000320,0x000000...000320,0.9449192652372769,11054967.332881758,,live_pending_fdv,verified_from_rpc_swap_log
2026-08-04 17:09:20,114007080,0xb50673cbde06259849b347c9357f5715c5a6543feea81b46f5d5980fb169c3aa,134,sell,0x0000000000000000000000000000000000000320,0x000000...000320,3.9135510224463412,1417211.4097147328,,live_pending_fdv,verified_from_rpc_swap_log
2026-08-04 17:01:54,114006088,0x34359f83d84a512e5f758486922d2f1f7557e48db3c27415dc00d0760051a4a6,166,sell,0x0000000000000000000000000000000000000320,0x000000...000320,0.34960066283626173,58520291.31610502,,live_pending_fdv,verified_from_rpc_swap_log
2026-08-04 15:20:43,113992599,0xb1df21f54291819c06983cc6f0eb4a097125fff5af6927b26e9cfb70b663e4f0,148,sell,0x6e80d1e34bc26503b8de0b7618e469ba166c4444,0x6e80d1...6c4444,0.3843090139830911,30843556.16448245,,live_pending_fdv,verified_from_rpc_swap_log
2026-08-04 15:18:37,113992320,0x228b731d7434e1d7ead44a94b802cc2f79316418acaa0bfb533d1ac791fb40d9,108,sell,0x0ba400271e07a658580218f399665d30245f4444,0x0ba400...5f4444,0.35189612974027046,49899600.79387977,,live_pending_fdv,verified_from_rpc_swap_log
2026-08-04 15:18:29,113992302,0xd9a6d506f4544ecce65578fd744c3e2505721cd907bfd5603ba1a0ccb580688f,97,sell,0xc2ed8228f306b1062444e10a0addfcf303e04444,0xc2ed82...e04444,0.3355758233454099,34570703.42480813,,live_pending_fdv,verified_from_rpc_swap_log
2026-08-04 15:18:05,113992248,0x730c9c2891acf138fa6838bf0049e02ab3ae81947710d077d09ceca84f3408e9,160,sell,0x9c112b197386def9c445659d2e18ff3cea374444,0x9c112b...374444,0.16539742409112657,38182697.2035883,,live_pending_fdv,verified_from_rpc_swap_log
2026-08-04 15:17:49,113992214,0x6b2ed04e7e3d864dc0b023dd74e28b5b2989ad304dc3dbbb999137e26a559c57,67,sell,0xc161c57a8e33a972d96d65768909b29883094444,0xc161c5...094444,0.11193440003921165,20690328.32698838,,live_pending_fdv,verified_from_rpc_swap_log
2026-08-04 15:17:30,113992171,0x8c837c3fe491309d335a55e61620bcd6319e55fcde5a0c6a5c89ca1a32aa8b32,151,sell,0x7130d2a12b9bcbfae4f2634d864a1ee1ce3ead9c,0x7130d2...3ead9c,0.06452048065022604,0.00060393132830901,,live_pending_fdv,verified_from_rpc_swap_log
2026-08-04 15:17:08,113992123,0xd3e15f0b2da356a15b950e32ef7df4ae9bdf89bee22f975e8d67def812fa2678,169,sell,0x55d398326f99059ff775485246999027b3197955,0x55d398...197955,0.044163699577483215,26.552639513033835,,live_pending_fdv,verified_from_rpc_swap_log
2026-08-04 15:16:57,113992098,0x7b1913a56bc3c526a505a23b1b8d0ab22633c558c4382ddf126a6e8d2e989487,96,sell,0x570a5d26f7765ecb712c0924e4de545b89fd43df,0x570a5d...fd43df,0.0385668210472009,0.31322526294951186,,live_pending_fdv,verified_from_rpc_swap_log
2026-08-04 15:16:36,113992050,0xbcfa3df10546b4d7054fc1c4e9870dffa20e3091d6c2cdedd0bd2853ef55eb19,192,sell,0xb0b84d294e0c75a6abe60171b70edeb2efd14a1b,0xb0b84d...d14a1b,0.022852640052183588,0.022286449358682403,,live_pending_fdv,verified_from_rpc_swap_log
2026-08-04 15:16:16,113992007,0xeac41f8c1001c11cc6b9f6e1a8c5baebd6279468ba8ac94cf4d2ed85fda0f705,646,sell,0x0a7295b6f8a6b4a328cc113ea6efa20822e14444,0x0a7295...e14444,0.02724171983239223,5972611.00115921,,live_pending_fdv,verified_from_rpc_swap_log
2026-08-04 15:13:29,113991636,0xf338d3276c51d33144703da552369e771e9d438b3d39eff3fe35d17f3658734d,466,sell,0x1d40298a4ab017bb1f9c8a00cc98170cb8034444,0x1d4029...034444,0.10916784983078366,12723323.742656352,,live_pending_fdv,verified_from_rpc_swap_log
2026-08-04 15:13:03,113991577,0x15f405b8f74fabff886c3336295f716cbc7cb946dd68202da0fc20f862f832ee,126,sell,0xb08c3c0bf79036d935d9afc6d2abc0815fec4444,0xb08c3c...ec4444,0.20999754930299067,46266652.4039166,,live_pending_fdv,verified_from_rpc_swap_log
2026-08-04 15:12:55,113991560,0x44ca751399ffd3c2792c34886e5200defc4e41f3e677f8f64afdf2336492a148,207,sell,0xf38c8c6de9cc7b562e25bc4710176d9fbac34444,0xf38c8c...c34444,0.06632463002946518,10433837.274229608,,live_pending_fdv,verified_from_rpc_swap_log
2026-08-04 15:12:48,113991544,0xb86ca114f8fbd23217a14aeb74d4989192e0f64afb12435de3604ec61f7cbb3f,134,sell,0xe14563e717f9fac204ca35b90c9cbaa91b054444,0xe14563...054444,0.27547018913607807,45523177.340383485,,live_pending_fdv,verified_from_rpc_swap_log
2026-08-04 15:12:42,113991531,0x315ab001bbf822ab6e0430a979a4d48932f302ccaf0547bd475685f6d6f1e9c7,171,sell,0x7cd964a62c984ec8ab42d41ffd8998be84cf4444,0x7cd964...cf4444,0.28091219501959,25356402.535598047,,live_pending_fdv,verified_from_rpc_swap_log
2026-08-04 15:12:35,113991516,0xc93fcfe118af5a06a58a28d5e10a4007a94c562b0cc570710010dd8f1d553e9c,48,sell,0xc6cb81c8d76a370bf88cf0680d772ca970524444,0xc6cb81...524444,0.4590827369445395,19426872.46645967,,live_pending_fdv,verified_from_rpc_swap_log
2026-08-04 15:10:46,113991274,0xf66005851e36ac2ce0e42d7952c48788962d1562b0ffcfe6e5018b152e39b637,46,sell,0x0000000000000000000000000000000000000320,0x000000...000320,0.23506673405201559,1595653.0846223694,,live_pending_fdv,verified_from_rpc_swap_log
2026-08-04 14:40:12,113987197,0x8f476f16c90ccb0b24d3483f36d2bab91c2883c0ddeeafc7da914b5721a12a6e,32,buy,0x7e87d796c500b45362c45611ad53557d01287777,0x7e87d7...287777,0.4,27145200.536563653,,live_pending_fdv,verified_from_rpc_swap_log
2026-08-04 14:25:54,113985291,0xe177b677163f9805de82c81af851570820ff21cb69b2b11b91bc58506f40b6ba,522,buy,0x9a4ab45ad72074446a689c350c18319c6fec7777,0x9a4ab4...ec7777,0.99,4142376.365241634,,live_pending_fdv,verified_from_rpc_swap_log
2026-08-04 14:22:54,113984891,0xc4299a4d2f59ce73977bc9ecbd17cf3cc616516b8a5392a64b7d7ab0241a5602,27,sell,0x0000000000000000000000000000000000000320,0x000000...000320,0.38406883102291123,3649898.3514115014,,live_pending_fdv,verified_from_rpc_swap_log
2026-08-04 14:20:58,113984633,0x21b75f292637d5e681f828582124ecfd81a0f97a5eafa82d4170aedabc39838c,129,buy,0x06c5461079bb8fe70d92418cebcb74e5a71b7777,0x06c546...1b7777,0.4,45878562.13020037,,live_pending_fdv,verified_from_rpc_swap_log
2026-08-04 14:03:43,113982334,0x30f8459cffa8ad2d248eaa7aef7064afa46c088e80f2259957ca87e3fe89b1ce,81,sell,0x1706f1e06c69f3a8cf33cce179d5d78a5c6f4444,0x1706f1...6f4444,0.9812176886090627,4198305.715739127,,live_pending_fdv,verified_from_rpc_swap_log
2026-08-04 13:56:38,113981388,0xaa66a3f5bd0af95a93034e8978630289fd3e330abf5b25e3351aaeb5acbd7ccb,6,buy,0xe9ae476fb895c08ccc592ca8566c99d4894e4444,0xe9ae47...4e4444,0.4,13134964.413959114,,live_pending_fdv,verified_from_rpc_swap_log
2026-08-04 13:56:01,113981307,0x3f3e9004b559bb8391749e314f1bfb14766171de55a94f4273f8386614fd6dfb,610,buy,0xd93e1c278ee4691cbe4efd3ac9070199d3f24444,0xd93e1c...f24444,0.99,14973551.554627025,,live_pending_fdv,verified_from_rpc_swap_log
2026-08-04 13:54:03,113981044,0x5e2714abe1796cd2a37d8b26b35597c7d9daa578621ac2f5c94615c53e97f303,7,buy,0x6e80d1e34bc26503b8de0b7618e469ba166c4444,0x6e80d1...6c4444,0.4,30843556.16448245,,live_pending_fdv,verified_from_rpc_swap_log
2026-08-04 13:43:59,113979702,0xa733319dba0e184e1b44f213b55d83116c9312283b23a0306c083f05cfcd91eb,139,sell,0x0000000000000000000000000000000000000320,0x000000...000320,0.015185063093376989,2073692.3554431803,,live_pending_fdv,verified_from_rpc_swap_log
2026-08-04 13:42:15,113979472,0xb1c0492cdfb0d3b03a42d056649e329ed93de45ae80ba01da112bfda10330219,70,sell,0x689e2b8be70ab68cd94056136bc3e9847cf47777,0x689e2b...f47777,0.006797131645301109,995660.4531276084,,live_pending_fdv,verified_from_rpc_swap_log
2026-08-04 13:29:22,113977754,0xa34a7d6f58340db3b7859bf56511b8b859cb2bbef5813ccfcf1f93a86781985d,179,sell,0x0000000000000000000000000000000000000320,0x000000...000320,0.29828047511880773,35691782.485569656,,live_pending_fdv,verified_from_rpc_swap_log
2026-08-04 13:26:00,113977304,0xbcd4a1fd75ebfe125306d9adcb822a4656f056a37a4bfc69dc6595ba0ba91c35,305,sell,0x0000000000000000000000000000000000000320,0x000000...000320,0.04649901947136045,4745495.360020221,,live_pending_fdv,verified_from_rpc_swap_log
2026-08-04 13:25:16,113977206,0xb4578cd7fa7152df69f43e6043d1a51804df9ef222f5f3cda6b11de8199a9cd2,7,buy,0x21330f8adb0b2e7308957e3f7e0669f63d644444,0x21330f...644444,0.2,17366790.159358736,,live_pending_fdv,verified_from_rpc_swap_log
2026-08-04 13:25:07,113977186,0xf9fddba83bd663ec2ad18aa84fd1a76b5194be20ea66c2544ac6221fcbfbd17a,107,sell,0x21330f8adb0b2e7308957e3f7e0669f63d644444,0x21330f...644444,0.05673739834491558,5784366.9184398055,,live_pending_fdv,verified_from_rpc_swap_log
2026-08-04 13:24:01,113977040,0x4d3669e046554f19c2831a37855afc3cf756bb3f38dd77f9a350e3e4414ffd06,106,buy,0x1706f1e06c69f3a8cf33cce179d5d78a5c6f4444,0x1706f1...6f4444,0.99,4198305.715739127,,live_pending_fdv,verified_from_rpc_swap_log
2026-08-04 13:23:54,113977025,0x6ea1cf7f713956f4d821262b2d70d4d47d80e0b3f699c463703e8fc6184374a7,633,sell,0x21330f8adb0b2e7308957e3f7e0669f63d644444,0x21330f...644444,0.38996440064603766,19227357.568216644,,live_pending_fdv,verified_from_rpc_swap_log
2026-08-04 13:23:25,113976961,0x51f643526487f52cf1f4b963f84692fb4b6d002b73c232029a37bac0731157ec,60,sell,0x2cc445a8c6aa2e8ce554808213aa5c08ca424444,0x2cc445...424444,0.16247372738615942,13991132.261176037,,live_pending_fdv,verified_from_rpc_swap_log
2026-08-04 13:23:10,113976926,0xdcef305218ddd592f7a356fea39f559a177269380da84fb7bc5e9401c9dedfb6,116,buy,0x21330f8adb0b2e7308957e3f7e0669f63d644444,0x21330f...644444,0.4,25011724.48665645,,live_pending_fdv,verified_from_rpc_swap_log
2026-08-04 13:22:09,113976790,0xc6fbb3bc67e6ba08a098efe315fcfb43b7e1c6d39dc90bf669a50ac1e28d9976,353,sell,0x2cc445a8c6aa2e8ce554808213aa5c08ca424444,0x2cc445...424444,0.4103349740590531,16816243.962003816,,live_pending_fdv,verified_from_rpc_swap_log
2026-08-04 13:20:54,113976626,0x3e014b934d8ebf9388225387a7b8ff0b72aea1416ef71150da0f2fb7483e0214,226,buy,0x2cc445a8c6aa2e8ce554808213aa5c08ca424444,0x2cc445...424444,0.4,30807376.22317985,,live_pending_fdv,verified_from_rpc_swap_log
2026-08-04 13:20:36,113976586,0x99c3489511b89ca1338bd206ecf9a139049f2ed33394fc7013e045cd3d2db149,690,sell,0x0000000000000000000000000000000000000320,0x000000...000320,0.10264789053361575,11488627.051507821,,live_pending_fdv,verified_from_rpc_swap_log
2026-08-04 13:20:26,113976564,0xca8716e6b8d33a145e20976f023d98ffe0304bba8aeead31308e183873a920ad,94,sell,0x0000000000000000000000000000000000000320,0x000000...000320,0.05803486011888943,965800.2461323927,,live_pending_fdv,verified_from_rpc_swap_log
2026-08-04 13:19:53,113976490,0x6d722ea7bffb6974df36a63a292d17d0a632ee1365a54dcdcdac13acd9a53f78,330,sell,0xd7469531903577344468cb5ebeb72a7a39c67777,0xd74695...c67777,0.6560902959603481,43980119.709401146,,live_pending_fdv,verified_from_rpc_swap_log
2026-08-04 13:19:37,113976455,0x09e1026b420662245727c3b88a7e33d4037a88980737e053f1b0c0be37c7b412,97,sell,0x2cc445a8c6aa2e8ce554808213aa5c08ca424444,0x2cc445...424444,0.3550002345155202,32154389.166675095,,live_pending_fdv,verified_from_rpc_swap_log
2026-08-04 13:19:05,113976383,0x7a64b9fe56db9296aba849ae97d112b9951d421db0bcb0e35b67def295ddeffd,47,buy,0x2cc445a8c6aa2e8ce554808213aa5c08ca424444,0x2cc445...424444,0.4,32154389.166675095,,live_pending_fdv,verified_from_rpc_swap_log
2026-08-04 13:16:33,113976046,0x5013510ca7fc4202f3e78b1c66c9fcce963dc44717535e1a9f54bb4e56f9e502,77,sell,0x0000000000000000000000000000000000000320,0x000000...000320,0.1221299981187872,18370703.75710206,,live_pending_fdv,verified_from_rpc_swap_log
2026-08-04 13:16:05,113975982,0xe09ce47df0b3234ac3b4c54537ceb2a2feb2ec90368c116c3f86b41e482b802e,106,sell,0x1fef2c74e2fb2b1048ba969f9a2d16ad1d067777,0x1fef2c...067777,0.144123660909971,21605667.767587937,,live_pending_fdv,verified_from_rpc_swap_log
2026-08-04 13:15:24,113975893,0xc43e36362edb36a638950cd35d56765034ff77182df7fab25e350afdac9762bf,110,sell,0x0000000000000000000000000000000000000320,0x000000...000320,0.47487377134155156,15183551.567092462,,live_pending_fdv,verified_from_rpc_swap_log
2026-08-04 13:13:30,113975638,0xb471088d891b9469e6468cfa97528559a1033fb7c37df448cbbe33ff7dcef16c,94,sell,0x7138b48df7d98d7e3cc221bfe7192d0a178182d8,0x7138b4...8182d8,0.027962143453576425,0.02193800807956659,,live_pending_fdv,verified_from_rpc_swap_log
2026-08-04 13:13:13,113975601,0x26ee3ac4e0910f20d6bb089442921c1a71dc5146fca03d39c1c8381733f84148,108,sell,0x05f36aaedb789cc8bfedf0a04605d221e7817777,0x05f36a...817777,0.15040874158716125,23699857.20638359,,live_pending_fdv,verified_from_rpc_swap_log
2026-08-04 13:12:42,113975531,0x02252c28118e598e3c05632fc6230475792b93024031796c614ec4228e9aa503,154,sell,0x0000000000000000000000000000000000000320,0x000000...000320,0.5686409645378099,4797918.338827118,,live_pending_fdv,verified_from_rpc_swap_log
2026-08-04 13:05:15,113974538,0x8bd8cb5f5c32b274427f4c8e230efb725a4d72b09a8106e6b69f126b1832df61,6,buy,0x1671ba8c2526ffdf90c33241db97967cb4f34444,0x1671ba...f34444,0.99,10602112.158601739,,live_pending_fdv,verified_from_rpc_swap_log
2026-08-04 13:03:12,113974266,0x3af3fbdceaa283f3d9962f2403b5287aec47ee598f75faeafc7bb32400beaea3,856,sell,0x0000000000000000000000000000000000000320,0x000000...000320,1.1382384843347597,4797918.338827118,,live_pending_fdv,verified_from_rpc_swap_log
2026-08-04 13:00:50,113973950,0xefa19b9b85a5d028c3f1d8c0ebbb6ca51ff11d2912eebde112d76dba6c62c6f0,79,buy,0xb63bec9b127a2e36466a15b66f0a03aee9244444,0xb63bec...244444,0.198,23775352.931991618,,live_pending_fdv,verified_from_rpc_swap_log
2026-08-04 12:45:41,113971931,0x33ceb534d216f8b629e573d7c57ab3129b150ca05950ffb345577026614e4a7e,154,sell,0x0000000000000000000000000000000000000320,0x000000...000320,0.4557119621710893,5095947.485040355,,live_pending_fdv,verified_from_rpc_swap_log
2026-08-04 12:43:05,113971583,0xbfc6cd5bf90813fdb89a1153c8eff0d9e95c5e8a73a83eb30afc0e062f13cc42,645,sell,0x0000000000000000000000000000000000000320,0x000000...000320,0.04489283781588357,1504805.7880083055,,live_pending_fdv,verified_from_rpc_swap_log
